,VendorID,PUDatetime,DODatetime,passenger_count,trip_distance,RatecodeID,store_and_fwd_flag,PULocationID,DOLocationID,payment_type,fare_amount,extra,tax,tip_amount,tolls_amount,improvement_surcharge,total_amount,congestion_surcharge,Airport_fee,taxi_type,ehail_fee,trip_type,hvfhs_license_num,dispatching_base_num,originating_base_num,request_datetime,on_scene_datetime,trip_time,bcf,driver_pay,shared_request_flag,shared_match_flag,access_a_ride_flag,wav_request_flag,wav_match_flag,DayOfWeek,is_holiday
2308,1.0,2023-04-01 00:00:00,2023-04-01 00:07:54,1.0,1.4,1.0,N,164,234,1.0,9.3,3.5,0.5,2.85,0.0,1.0,17.15,2.5,0.0,yellow_taxi,,,,,,,,,,,,,,,,5,False
1205,2.0,2023-04-01 00:00:00,2023-04-01 00:06:13,2.0,0.87,1.0,N,249,90,1.0,7.9,1.0,0.5,2.58,0.0,1.0,15.48,2.5,0.0,yellow_taxi,,,,,,,,,,,,,,,,5,False
63,,2023-04-01 00:00:00,2023-04-01 00:43:12,,18.86,,,197,130,,62.25,,5.52,0.0,0.0,,,0.0,0.0,for-hire vehicle,,,HV0003,B03404,B03404,2023-03-31 23:57:02,2023-03-31 23:59:19,2592.0,1.87,49.32,N,N, ,N,N,5,False
31133,,2023-04-01 00:00:00,2023-04-01 00:12:49,,2.17,,,189,188,,12.43,,1.1,0.0,0.0,,,0.0,0.0,for-hire vehicle,,,HV0003,B03404,B03404,2023-03-31 23:55:39,2023-03-31 23:58:43,769.0,0.37,12.19,N,N, ,N,Y,5,False
30436,,2023-04-01 00:00:00,2023-04-01 00:34:09,,14.503,,,132,223,,44.2,,4.15,7.84,0.0,,,0.0,2.5,for-hire vehicle,,,HV0005,B03406,,2023-03-31 23:54:29,,2049.0,1.4,38.24,N,N,N,N,N,5,False
1222,2.0,2023-04-01 00:00:00,2023-04-01 00:09:34,5.0,1.62,1.0,N,249,231,1.0,11.4,1.0,0.5,3.28,0.0,1.0,19.68,2.5,0.0,yellow_taxi,,,,,,,,,,,,,,,,5,False
21119,,2023-04-01 00:00:00,2023-04-01 00:12:20,,3.112,,,163,238,,18.25,,1.62,3.48,0.0,,,2.75,0.0,for-hire vehicle,,,HV0005,B03406,,2023-03-31 23:56:29,,740.0,0.55,11.02,N,N,N,N,N,5,False
20426,,2023-04-01 00:00:00,2023-04-01 00:32:31,,11.879,,,129,87,,39.54,,3.59,0.0,0.9,,,2.75,0.0,for-hire vehicle,,,HV0005,B03406,,2023-04-01 00:15:00,,1951.0,1.21,33.88,N,N,N,N,N,5,False
15821,,2023-04-01 00:00:00,2023-04-01 00:14:13,,2.88,,,247,243,,14.79,,1.31,0.0,0.0,,,0.0,0.0,for-hire vehicle,,,HV0003,B03404,B03404,2023-03-31 23:56:25,2023-03-31 23:58:45,853.0,0.44,17.08,N,N, ,N,N,5,False
3952,2.0,2023-04-01 00:00:00,2023-04-01 00:19:45,2.0,13.16,1.0,N,134,226,1.0,49.9,1.0,0.5,15.72,0.0,1.0,68.12,0.0,0.0,yellow_taxi,,,,,,,,,,,,,,,,5,False
11338,,2023-04-01 00:00:00,2023-04-01 00:09:56,,1.268,,,249,90,,16.1,,1.43,2.0,0.0,,,2.75,0.0,for-hire vehicle,,,HV0005,B03406,,2023-03-31 23:55:47,,596.0,0.48,7.25,N,N,N,N,N,5,False
12377,,2023-04-01 00:00:00,2023-04-01 00:19:52,,3.27,,,189,225,,19.66,,1.74,5.0,0.0,,,0.0,0.0,for-hire vehicle,,,HV0003,B03404,B03404,2023-03-31 23:54:44,2023-03-31 23:58:16,1192.0,0.59,20.33,N,N, ,N,N,5,False
41,2.0,2023-04-01 00:00:00,2023-04-01 00:09:06,1.0,0.91,1.0,N,158,249,1.0,10.0,1.0,0.5,3.0,0.0,1.0,18.0,2.5,0.0,yellow_taxi,,,,,,,,,,,,,,,,5,False
32416,,2023-04-01 00:00:01,2023-04-01 00:09:33,,1.964,,,10,215,,11.31,,1.0,0.0,0.0,,,0.0,0.0,for-hire vehicle,,,HV0005,B03406,,2023-03-31 23:57:46,,572.0,0.34,7.94,N,N,N,N,N,5,False
19995,,2023-04-01 00:00:01,2023-04-01 00:08:37,,1.431,,,143,230,,10.67,,0.95,1.5,0.0,,,2.75,0.0,for-hire vehicle,,,HV0005,B03406,,2023-03-31 23:55:01,,516.0,0.32,6.71,N,N,N,N,N,5,False
19,2.0,2023-04-01 00:00:01,2023-04-01 00:00:31,1.0,0.0,1.0,N,95,95,2.0,3.0,1.0,0.5,0.0,0.0,1.0,5.5,0.0,,green_taxi,,1.0,,,,,,,,,,,,,,5,False
17053,,2023-04-01 00:00:01,2023-04-01 00:11:28,,2.085,,,112,256,,13.4,,1.19,0.0,0.0,,,0.0,0.0,for-hire vehicle,,,HV0005,B03406,,2023-03-31 23:53:34,,687.0,0.4,9.18,N,N,N,N,N,5,False
12267,,2023-04-01 00:00:01,2023-04-01 00:20:07,,2.615,,,232,158,,31.77,,2.82,7.66,0.0,,,2.75,0.0,for-hire vehicle,,,HV0005,B03406,,2023-03-31 23:51:37,,1206.0,0.95,23.25,N,N,N,N,N,5,False
19145,,2023-04-01 00:00:01,2023-04-01 00:16:59,,2.78,,,161,148,,20.75,,1.84,0.0,0.0,,,2.75,0.0,for-hire vehicle,,,HV0003,B03404,B03404,2023-03-31 23:55:42,2023-03-31 23:59:09,1018.0,0.62,19.12,N,N, ,N,N,5,False
28013,,2023-04-01 00:00:01,2023-04-01 00:21:39,,8.32,,,243,168,,23.17,,2.06,0.0,0.0,,,0.0,0.0,for-hire vehicle,,,HV0003,B03404,B03404,2023-03-31 23:55:01,2023-03-31 23:59:51,1298.0,0.7,27.72,N,N, ,N,N,5,False
293,2.0,2023-04-01 00:00:01,2023-04-01 00:15:31,1.0,3.33,1.0,N,263,107,1.0,17.7,1.0,0.5,2.0,0.0,1.0,24.7,2.5,0.0,yellow_taxi,,,,,,,,,,,,,,,,5,False
29593,,2023-04-01 00:00:01,2023-04-01 00:18:48,,3.06,,,256,225,,16.26,,1.44,0.0,0.0,,,0.0,0.0,for-hire vehicle,,,HV0003,B03404,B03404,2023-03-31 23:55:21,2023-03-31 23:59:14,1127.0,0.49,19.88,N,N, ,N,N,5,False
21289,,2023-04-01 00:00:01,2023-04-01 00:22:56,,7.99,,,41,234,,28.77,,2.55,0.0,0.0,,,2.75,0.0,for-hire vehicle,,,HV0003,B03404,B03404,2023-03-31 23:55:59,2023-03-31 23:59:01,1375.0,0.86,23.43,N,N, ,N,N,5,False
3273,,2023-04-01 00:00:01,2023-04-01 00:04:12,,0.86,,,36,37,,7.98,,0.71,0.0,0.0,,,0.0,0.0,for-hire vehicle,,,HV0003,B03404,B03404,2023-03-31 23:56:30,2023-03-31 23:58:24,251.0,0.24,6.03,N,N, ,N,N,5,False
5246,,2023-04-01 00:00:01,2023-04-01 00:22:26,,3.21,,,107,141,,18.89,,1.68,0.0,0.0,,,2.75,0.0,for-hire vehicle,,,HV0003,B03404,B03404,2023-03-31 23:55:11,2023-03-31 23:58:29,1345.0,0.57,18.11,N,N, ,N,N,5,False
37077,,2023-04-01 00:00:01,2023-04-01 00:10:13,,2.0,,,102,258,,13.36,,1.19,0.0,0.0,,,0.0,0.0,for-hire vehicle,,,HV0003,B03404,B03404,2023-03-31 23:55:43,2023-03-31 23:58:37,612.0,0.4,8.38,N,N, ,N,N,5,False
5925,,2023-04-01 00:00:01,2023-04-01 00:04:42,,1.23,,,28,130,,6.29,,0.56,0.0,0.0,,,0.0,0.0,for-hire vehicle,,,HV0003,B03404,B03404,2023-03-31 23:57:41,2023-03-31 23:59:44,281.0,0.19,5.4,N,N, ,N,N,5,False
3020,,2023-04-01 00:00:02,2023-04-01 00:03:52,,0.63,,,65,33,,16.95,,1.5,0.0,0.0,,,0.0,0.0,for-hire vehicle,,,HV0003,B03404,B03404,2023-03-31 23:54:40,2023-03-31 23:58:24,230.0,0.51,10.6,N,N, ,N,N,5,False
36342,,2023-04-01 00:00:02,2023-04-01 00:12:55,,3.23,,,148,37,,19.02,,1.69,0.0,0.0,,,2.75,0.0,for-hire vehicle,,,HV0003,B03404,B03404,2023-03-31 23:50:45,2023-03-31 23:59:34,773.0,0.57,11.5,N,N, ,N,N,5,False
36327,,2023-04-01 00:00:02,2023-04-01 00:20:02,,3.546,,,80,189,,32.72,,2.9,0.0,0.0,,,0.0,0.0,for-hire vehicle,,,HV0005,B03406,,2023-03-31 23:55:01,,1200.0,0.98,19.64,N,N,N,N,N,5,False
25583,,2023-04-01 00:00:02,2023-04-01 00:44:36,,7.932,,,79,265,,52.71,,0.0,0.0,20.13,,,0.0,0.0,for-hire vehicle,,,HV0005,B03406,,2023-03-31 23:53:12,,2674.0,2.04,35.48,N,N,N,N,N,5,False
9340,,2023-04-01 00:00:02,2023-04-01 00:06:12,,0.77,,,79,148,,8.21,,0.73,0.0,0.0,,,2.75,0.0,for-hire vehicle,,,HV0003,B03404,B03404,2023-03-31 23:56:51,2023-04-01 00:00:02,370.0,0.25,12.63,N,N, ,N,N,5,False
8951,,2023-04-01 00:00:02,2023-04-01 00:20:48,,6.167,,,255,261,,22.19,,1.99,0.0,0.18,,,2.75,0.0,for-hire vehicle,,,HV0005,B03406,,2023-03-31 23:57:14,,1246.0,0.67,19.78,N,N,N,N,N,5,False
29062,,2023-04-01 00:00:02,2023-04-01 00:18:24,,5.594,,,157,134,,17.62,,1.56,0.0,0.0,,,0.0,0.0,for-hire vehicle,,,HV0005,B03406,,2023-03-31 23:56:52,,1102.0,0.53,17.68,N,N,N,N,N,5,False
15815,,2023-04-01 00:00:02,2023-04-01 00:30:20,,5.48,,,142,179,,32.53,,2.89,8.0,0.0,,,2.75,0.0,for-hire vehicle,,,HV0003,B03404,B03404,2023-03-31 23:55:17,2023-03-31 23:59:54,1818.0,0.98,29.46,N,N, ,N,N,5,False
3197624,2.0,2023-04-01 00:00:02,2023-04-01 00:18:48,,4.84,,,74,50,0.0,24.38,0.0,0.5,0.0,0.0,1.0,28.38,,,yellow_taxi,,,,,,,,,,,,,,,,5,False
32772,,2023-04-01 00:00:02,2023-04-01 00:17:46,,10.02,,,101,219,,29.03,,2.58,3.0,0.0,,,0.0,0.0,for-hire vehicle,,,HV0003,B03404,B03404,2023-03-31 23:55:03,2023-03-31 23:58:40,1064.0,0.86,23.92,N,N, ,N,N,5,False
2338,2.0,2023-04-01 00:00:02,2023-04-01 00:20:41,1.0,3.43,1.0,N,229,249,1.0,20.5,1.0,0.5,5.1,0.0,1.0,30.6,2.5,0.0,yellow_taxi,,,,,,,,,,,,,,,,5,False
5598,,2023-04-01 00:00:02,2023-04-01 00:18:08,,4.84,,,88,189,,24.51,,2.18,0.0,0.0,,,2.75,0.0,for-hire vehicle,,,HV0003,B03404,B03404,2023-03-31 23:58:03,2023-03-31 23:58:20,1086.0,0.74,21.24,N,N, ,N,N,5,False
1093,1.0,2023-04-01 00:00:02,2023-04-01 00:01:40,2.0,0.5,1.0,N,137,107,1.0,4.4,3.5,0.5,1.88,0.0,1.0,11.28,2.5,0.0,yellow_taxi,,,,,,,,,,,,,,,,5,False
19625,,2023-04-01 00:00:03,2023-04-01 00:17:12,,6.728,,,23,265,,26.27,,0.0,0.0,20.0,,,0.0,0.0,for-hire vehicle,,,HV0005,B03406,,2023-03-31 23:47:31,,1029.0,1.39,19.94,N,N,N,N,N,5,False
35858,,2023-04-01 00:00:03,2023-04-01 00:31:17,,5.197,,,106,198,,26.64,,2.37,5.96,0.0,,,0.0,0.0,for-hire vehicle,,,HV0005,B03406,,2023-03-31 23:55:54,,1874.0,0.8,24.4,N,N,N,N,N,5,False
364,,2023-04-01 00:00:03,2023-04-01 00:31:53,,5.86,,,143,87,,29.37,,2.61,0.0,0.0,,,2.75,0.0,for-hire vehicle,,,HV0003,B03404,B03404,2023-03-31 23:56:35,2023-03-31 23:58:03,1910.0,0.88,28.05,N,N, ,N,N,5,False
24350,,2023-04-01 00:00:03,2023-04-01 00:25:20,,5.55,,,148,145,,70.17,,6.23,0.0,0.0,,,2.75,0.0,for-hire vehicle,,,HV0003,B03404,B03404,2023-03-31 23:57:30,2023-03-31 23:59:09,1517.0,2.11,48.59,N,N, ,N,N,5,False
36129,,2023-04-01 00:00:03,2023-04-01 00:17:44,,2.95,,,226,129,,19.07,,1.69,0.0,0.0,,,0.0,0.0,for-hire vehicle,,,HV0003,B03404,B03404,2023-03-31 23:54:40,2023-03-31 23:58:03,1061.0,0.57,13.86,N,N, ,N,N,5,False
31162,,2023-04-01 00:00:03,2023-04-01 00:32:40,,6.28,,,255,61,,38.35,,3.4,0.0,0.0,,,0.0,0.0,for-hire vehicle,,,HV0003,B03404,B03404,2023-03-31 23:58:23,2023-03-31 23:59:50,1957.0,1.15,26.65,N,N, ,N,N,5,False
21841,,2023-04-01 00:00:03,2023-04-01 00:19:35,,2.63,,,107,249,,18.9,,1.68,0.0,0.0,,,2.75,0.0,for-hire vehicle,,,HV0003,B03404,B03404,2023-03-31 23:55:14,2023-03-31 23:58:36,1172.0,0.57,14.5,N,N, ,N,N,5,False
33534,,2023-04-01 00:00:03,2023-04-01 00:16:30,,3.77,,,197,205,,19.55,,1.74,0.0,0.0,,,0.0,0.0,for-hire vehicle,,,HV0003,B03404,B03404,2023-03-31 23:57:37,2023-03-31 23:58:03,987.0,0.59,14.23,N,N, ,N,N,5,False
3545,,2023-04-01 00:00:03,2023-04-01 00:26:53,,11.697,,,80,75,,34.04,,2.62,8.2,3.45,,,0.0,0.0,for-hire vehicle,,,HV0005,B03406,,2023-03-31 23:57:22,,1610.0,0.88,30.45,N,N,N,N,N,5,False
2933,2.0,2023-04-01 00:00:03,2023-04-01 00:18:52,1.0,2.6,1.0,N,148,186,1.0,18.4,1.0,0.5,4.21,0.0,1.0,27.61,2.5,0.0,yellow_taxi,,,,,,,,,,,,,,,,5,False
3712,,2023-04-01 00:00:03,2023-04-01 00:08:40,,1.73,,,249,13,,18.07,,1.6,0.0,0.0,,,2.75,0.0,for-hire vehicle,,,HV0003,B03404,B03404,2023-03-31 23:53:51,2023-03-31 23:59:36,517.0,0.54,9.08,N,N, ,N,N,5,False
11825,,2023-04-01 00:00:03,2023-04-01 00:20:04,,3.997,,,261,50,,28.82,,2.56,0.0,0.0,,,2.75,0.0,for-hire vehicle,,,HV0005,B03406,,2023-03-31 23:56:32,,1201.0,0.86,16.51,N,N,N,N,N,5,False
25941,,2023-04-01 00:00:03,2023-04-01 00:12:23,,2.098,,,113,164,,28.38,,2.52,0.0,0.0,,,2.75,0.0,for-hire vehicle,,,HV0005,B03406,,2023-03-31 23:56:26,,740.0,0.85,17.29,N,N,N,N,N,5,False
2337,,2023-04-01 00:00:04,2023-04-01 00:20:16,,1.38,,,79,68,,20.97,,1.86,4.84,0.0,,,0.75,0.0,for-hire vehicle,,,HV0003,B03404,B03404,2023-03-31 23:53:02,2023-03-31 23:58:03,1212.0,0.63,8.75,Y,Y, ,N,N,5,False
1011,,2023-04-01 00:00:04,2023-04-01 00:18:36,,5.984,,,82,80,,22.14,,1.97,0.0,0.11,,,0.0,0.0,for-hire vehicle,,,HV0005,B03406,,2023-03-31 23:54:50,,1112.0,0.67,18.28,N,N,N,N,N,5,False
23616,,2023-04-01 00:00:04,2023-04-01 00:16:40,,2.98,,,137,148,,12.63,,1.59,0.0,0.0,,,2.75,0.0,for-hire vehicle,,,HV0003,B03404,B03404,2023-03-31 23:57:49,2023-03-31 23:58:03,996.0,0.54,13.28,N,N, ,N,N,5,False
37821,,2023-04-01 00:00:04,2023-04-01 00:29:48,,8.59,,,173,216,,33.0,,2.93,0.0,0.0,,,0.0,0.0,for-hire vehicle,,,HV0003,B03404,B03404,2023-03-31 23:58:25,2023-03-31 23:59:42,1784.0,0.99,28.06,N,N, ,N,N,5,False
24723,,2023-04-01 00:00:04,2023-04-01 00:14:10,,2.23,,,225,198,,15.18,,1.35,0.0,0.0,,,0.0,0.0,for-hire vehicle,,,HV0003,B03404,B03404,2023-03-31 23:56:13,2023-03-31 23:59:56,846.0,0.46,16.85,N,N, ,N,N,5,False
1526,,2023-04-01 00:00:04,2023-04-01 00:14:20,,4.34,,,168,248,,19.28,,1.71,0.0,0.0,,,0.0,0.0,for-hire vehicle,,,HV0003,B03404,B03404,2023-03-31 23:56:57,2023-03-31 23:58:15,856.0,0.58,20.01,N,N, ,N,N,5,False
18820,,2023-04-01 00:00:04,2023-04-01 00:14:44,,4.35,,,118,221,,19.63,,1.74,0.0,0.0,,,0.0,0.0,for-hire vehicle,,,HV0003,B03404,B03404,2023-03-31 23:53:16,2023-03-31 23:58:25,880.0,0.59,14.51,N,N, ,N,N,5,False
30467,,2023-04-01 00:00:04,2023-04-01 00:32:00,,11.57,,,144,95,,53.53,,4.75,9.29,0.0,,,2.75,0.0,for-hire vehicle,,,HV0003,B03404,B03404,2023-03-31 23:52:59,2023-03-31 23:58:03,1916.0,1.61,33.21,N,N, ,N,N,5,False
35008,,2023-04-01 00:00:04,2023-04-01 00:12:37,,2.398,,,37,198,,14.2,,1.26,0.0,0.0,,,0.0,0.0,for-hire vehicle,,,HV0005,B03406,,2023-03-31 23:57:49,,753.0,0.43,10.21,N,N,N,N,N,5,False
12781,,2023-04-01 00:00:04,2023-04-01 00:18:30,,3.01,,,234,13,,17.19,,1.53,0.0,0.0,,,2.75,0.0,for-hire vehicle,,,HV0003,B03404,B03404,2023-03-31 23:56:18,2023-03-31 23:59:54,1106.0,0.52,18.45,N,N, ,N,N,5,False
4210,,2023-04-01 00:00:04,2023-04-01 00:06:24,,0.928,,,17,49,,7.75,,0.69,0.0,0.0,,,0.0,0.0,for-hire vehicle,,,HV0005,B03406,,2023-03-31 23:51:46,,380.0,0.23,5.47,N,N,N,N,N,5,False
20375,,2023-04-01 00:00:05,2023-04-01 00:05:53,,1.3,,,188,72,,7.9,,0.7,0.0,0.0,,,0.0,0.0,for-hire vehicle,,,HV0003,B03404,B03404,2023-03-31 23:57:39,2023-03-31 23:59:37,348.0,0.24,10.94,N,N, ,N,N,5,False
8405,,2023-04-01 00:00:05,2023-04-01 00:45:44,,20.79,,,132,239,,58.08,,5.96,0.0,6.55,,,2.75,2.5,for-hire vehicle,,,HV0003,B03404,B03404,2023-03-31 23:49:03,2023-03-31 23:59:22,2739.0,2.01,53.66,N,N, ,N,N,5,False
31750,,2023-04-01 00:00:05,2023-04-01 00:09:25,,1.99,,,114,233,,17.55,,1.56,0.0,0.0,,,2.75,0.0,for-hire vehicle,,,HV0003,B03404,B03404,2023-03-31 23:55:38,2023-03-31 23:59:40,560.0,0.53,13.83,N,N, ,N,N,5,False
37510,,2023-04-01 00:00:05,2023-04-01 00:16:28,,4.7,,,162,166,,27.01,,2.4,10.0,0.0,,,2.75,0.0,for-hire vehicle,,,HV0003,B03404,B03404,2023-03-31 23:56:00,2023-03-31 23:58:09,983.0,0.81,15.42,N,N, ,N,N,5,False
11847,,2023-04-01 00:00:05,2023-04-01 00:23:43,,4.89,,,249,236,,30.6,,2.72,7.39,0.0,,,2.75,0.0,for-hire vehicle,,,HV0003,B03404,B03404,2023-03-31 23:56:35,2023-03-31 23:59:56,1418.0,0.92,24.96,N,N, ,N,N,5,False
36015,,2023-04-01 00:00:05,2023-04-01 00:39:21,,14.421,,,170,91,,55.31,,5.33,0.0,4.8,,,2.75,0.0,for-hire vehicle,,,HV0005,B03406,,2023-03-31 23:52:15,,2356.0,1.8,41.02,N,N,N,N,N,5,False
11254,,2023-04-01 00:00:05,2023-04-01 00:08:27,,1.595,,,61,72,,11.48,,1.02,0.0,0.0,,,0.0,0.0,for-hire vehicle,,,HV0005,B03406,,2023-03-31 23:57:17,,502.0,0.34,6.8,N,N,N,N,N,5,False
36226,,2023-04-01 00:00:05,2023-04-01 00:17:02,,4.844,,,169,126,,17.79,,1.58,0.0,0.0,,,0.0,0.0,for-hire vehicle,,,HV0005,B03406,,2023-03-31 23:55:29,,1017.0,0.53,15.89,N,N,N,N,N,5,False
36148,,2023-04-01 00:00:05,2023-04-01 00:14:20,,1.19,,,127,153,,12.53,,1.11,0.0,0.0,,,0.0,0.0,for-hire vehicle,,,HV0003,B03404,B03404,2023-03-31 23:54:54,2023-03-31 23:58:05,855.0,0.38,9.6,N,N, ,N,N,5,False
27061,,2023-04-01 00:00:05,2023-04-01 00:12:03,,2.446,,,221,172,,11.61,,1.03,0.0,0.0,,,0.0,0.0,for-hire vehicle,,,HV0005,B03406,,2023-03-31 23:53:50,,718.0,0.35,15.44,N,N,N,N,N,5,False
11093,,2023-04-01 00:00:05,2023-04-01 00:12:04,,3.09,,,243,78,,15.45,,1.37,0.0,0.0,,,0.0,0.0,for-hire vehicle,,,HV0003,B03404,B03404,2023-03-31 23:58:23,2023-04-01 00:00:01,719.0,0.46,15.11,N,N, ,N,N,5,False
1994,,2023-04-01 00:00:05,2023-04-01 00:14:53,,2.6,,,239,141,,15.33,,1.36,0.0,0.0,,,2.75,0.0,for-hire vehicle,,,HV0003,B03404,B03404,2023-03-31 23:56:34,2023-03-31 23:59:26,888.0,0.46,15.78,N,N, ,N,N,5,False
29493,,2023-04-01 00:00:05,2023-04-01 00:15:10,,1.87,,,79,90,,10.89,,0.97,0.0,0.0,,,2.75,0.0,for-hire vehicle,,,HV0003,B03404,B03404,2023-03-31 23:57:17,2023-03-31 23:59:33,905.0,0.33,16.38,N,N, ,N,N,5,False
25509,,2023-04-01 00:00:05,2023-04-01 00:30:05,,3.1,,,158,163,,63.49,,5.63,0.0,0.0,,,2.75,0.0,for-hire vehicle,,,HV0003,B03404,B03404,2023-03-31 23:54:58,2023-03-31 23:55:05,1800.0,1.9,44.27,N,N, ,N,N,5,False
34951,,2023-04-01 00:00:05,2023-04-01 00:21:40,,4.435,,,161,166,,19.71,,1.75,0.0,0.0,,,2.75,0.0,for-hire vehicle,,,HV0005,B03406,,2023-03-31 23:56:29,,1295.0,0.59,17.96,N,N,N,N,N,5,False
23692,,2023-04-01 00:00:06,2023-04-01 00:16:37,,5.13,,,161,87,,24.51,,2.18,2.96,0.0,,,2.75,0.0,for-hire vehicle,,,HV0003,B03404,B03404,2023-03-31 23:59:07,2023-03-31 23:59:37,991.0,0.72,21.46,N,N, ,N,N,5,False
4250,2.0,2023-04-01 00:00:06,2023-04-01 00:13:46,1.0,2.42,1.0,N,148,170,1.0,14.9,1.0,0.5,3.98,0.0,1.0,23.88,2.5,0.0,yellow_taxi,,,,,,,,,,,,,,,,5,False
18038,,2023-04-01 00:00:06,2023-04-01 00:12:03,,2.19,,,17,25,,14.96,,1.33,0.0,0.0,,,0.0,0.0,for-hire vehicle,,,HV0003,B03404,B03404,2023-03-31 23:58:08,2023-03-31 23:59:04,717.0,0.45,14.54,N,N, ,N,N,5,False
28528,,2023-04-01 00:00:06,2023-04-01 00:15:04,,4.805,,,168,136,,19.35,,1.72,0.0,0.0,,,0.0,0.0,for-hire vehicle,,,HV0005,B03406,,2023-03-31 23:57:23,,898.0,0.58,14.73,N,N,N,N,N,5,False
1435,2.0,2023-04-01 00:00:06,2023-04-01 00:13:18,6.0,5.04,1.0,N,141,79,1.0,22.6,1.0,0.5,5.52,0.0,1.0,33.12,2.5,0.0,yellow_taxi,,,,,,,,,,,,,,,,5,False
8175,,2023-04-01 00:00:06,2023-04-01 00:02:55,,0.51,,,242,185,,7.97,,0.71,0.0,0.0,,,0.0,0.0,for-hire vehicle,,,HV0003,B03404,B03404,2023-03-31 23:56:45,2023-03-31 23:59:40,169.0,0.24,6.17,N,N, ,N,N,5,False
22863,,2023-04-01 00:00:06,2023-04-01 00:12:14,,2.98,,,246,161,,20.28,,1.8,0.0,0.0,,,2.75,0.0,for-hire vehicle,,,HV0003,B03404,B03404,2023-03-31 23:56:08,2023-03-31 23:59:45,728.0,0.61,16.52,N,N, ,N,N,5,False
15089,,2023-04-01 00:00:06,2023-04-01 00:14:58,,5.16,,,82,135,,19.62,,1.74,0.0,0.0,,,0.0,0.0,for-hire vehicle,,,HV0003,B03404,B03404,2023-03-31 23:57:00,2023-03-31 23:58:12,892.0,0.59,15.2,N,N, ,N,N,5,False
28843,,2023-04-01 00:00:06,2023-04-01 00:06:30,,2.86,,,132,216,,10.9,,1.19,1.5,0.0,,,0.0,2.5,for-hire vehicle,,,HV0003,B03404,B03404,2023-03-31 23:52:52,2023-03-31 23:59:22,384.0,0.4,7.37,N,N, ,N,N,5,False
4011,,2023-04-01 00:00:06,2023-04-01 00:06:48,,1.342,,,80,80,,8.93,,0.79,0.0,0.0,,,0.0,0.0,for-hire vehicle,,,HV0005,B03406,,2023-03-31 23:57:48,,402.0,0.27,5.53,N,N,N,N,N,5,False
7193,,2023-04-01 00:00:06,2023-04-01 00:13:04,,1.28,,,177,61,,11.39,,1.01,0.0,0.0,,,0.0,0.0,for-hire vehicle,,,HV0003,B03404,B03404,2023-03-31 23:50:47,2023-03-31 23:59:55,778.0,0.34,11.64,Y,Y, ,N,N,5,False
28689,,2023-04-01 00:00:06,2023-04-01 00:11:54,,2.38,,,209,65,,13.55,,1.2,0.0,0.0,,,2.75,0.0,for-hire vehicle,,,HV0003,B03404,B03404,2023-03-31 23:54:26,2023-03-31 23:59:08,708.0,0.41,14.42,N,N, ,N,N,5,False
32693,,2023-04-01 00:00:07,2023-04-01 00:12:07,,2.05,,,49,40,,16.65,,1.48,3.0,0.0,,,0.0,0.0,for-hire vehicle,,,HV0003,B03404,B03404,2023-03-31 23:56:38,2023-03-31 23:57:51,720.0,0.5,9.59,N,N, ,N,N,5,False
5631,,2023-04-01 00:00:07,2023-04-01 00:28:55,,9.69,,,42,254,,31.32,,2.78,0.0,0.0,,,0.0,0.0,for-hire vehicle,,,HV0003,B03404,B03404,2023-03-31 23:55:55,2023-03-31 23:58:05,1728.0,0.94,33.7,N,N, ,N,N,5,False
7224,,2023-04-01 00:00:07,2023-04-01 00:26:32,,7.09,,,45,260,,35.38,,3.14,0.0,0.0,,,2.75,0.0,for-hire vehicle,,,HV0003,B03404,B03404,2023-03-31 23:55:22,2023-04-01 00:00:07,1585.0,1.06,27.17,N,N, ,N,N,5,False
16483,,2023-04-01 00:00:07,2023-04-01 00:12:51,,2.0,,,249,231,,14.51,,1.29,0.0,0.0,,,2.75,0.0,for-hire vehicle,,,HV0003,B03404,B03404,2023-03-31 23:54:41,2023-03-31 23:59:36,764.0,0.44,15.28,N,N, ,N,Y,5,False
4159,,2023-04-01 00:00:07,2023-04-01 00:10:35,,0.88,,,148,114,,9.99,,0.89,0.0,0.0,,,2.75,0.0,for-hire vehicle,,,HV0003,B03404,B03404,2023-03-31 23:55:58,2023-04-01 00:00:07,628.0,0.3,12.7,N,N, ,N,N,5,False
13681,,2023-04-01 00:00:07,2023-04-01 00:24:05,,5.74,,,112,142,,27.85,,3.05,5.08,6.55,,,2.75,0.0,for-hire vehicle,,,HV0003,B03404,B03404,2023-03-31 23:57:44,2023-03-31 23:59:54,1438.0,1.03,24.71,N,N, ,N,N,5,False
26453,,2023-04-01 00:00:08,2023-04-01 00:17:33,,3.48,,,168,78,,15.14,,1.34,0.0,0.0,,,0.0,0.0,for-hire vehicle,,,HV0003,B03404,B03404,2023-03-31 23:55:45,2023-03-31 23:58:07,1045.0,0.45,14.4,N,N, ,N,N,5,False
3523,,2023-04-01 00:00:08,2023-04-01 00:04:48,,0.4,,,79,79,,16.95,,1.5,0.0,0.0,,,2.75,0.0,for-hire vehicle,,,HV0003,B03404,B03404,2023-03-31 23:57:28,2023-03-31 23:58:39,280.0,0.51,10.61,N,N, ,N,N,5,False
30791,,2023-04-01 00:00:08,2023-04-01 00:07:57,,1.75,,,130,215,,10.68,,0.95,0.0,0.0,,,0.0,0.0,for-hire vehicle,,,HV0003,B03404,B03404,2023-03-31 23:57:13,2023-03-31 23:59:32,469.0,0.32,6.71,N,N, ,N,N,5,False
