dispatching_base_num,pickup_datetime,dropOff_datetime,PUlocationID,DOlocationID,SR_Flag,Affiliated_base_number
B00009,2025-01-01 00:20:00,2025-01-01 00:57:00,,,,B00009
B00013,2025-01-01 00:40:00,2025-01-01 02:21:00,,,,B00888
B00112,2025-01-01 00:22:59,2025-01-01 00:45:28,,108.0,,B00112
B00112,2025-01-01 00:32:57,2025-01-01 00:33:10,,14.0,,B00112
B00112,2025-01-01 00:46:48,2025-01-01 00:49:51,,14.0,,B00112
B00112,2025-01-01 00:56:32,2025-01-01 01:37:12,,91.0,,B00112
B00112,2025-01-01 00:12:46,2025-01-01 00:23:04,,14.0,,B00112
B00112,2025-01-01 00:35:07,2025-01-01 00:40:33,,14.0,,B00112
B00112,2025-01-01 00:09:31,2025-01-01 00:55:21,,14.0,,B00112
B00221,2025-01-01 00:22:53,2025-01-01 00:33:17,,168.0,,B00221
B00225,2025-01-01 00:00:47,2025-01-01 00:15:00,,32.0,,B00225
B00225,2025-01-01 00:46:01,2025-01-01 01:02:06,,195.0,,B03404
B00225,2025-01-01 00:24:55,2025-01-01 01:01:01,,169.0,,B03404
B00225,2025-01-01 00:54:05,2025-01-01 01:33:00,,116.0,,B03404
B00225,2025-01-01 00:56:37,2025-01-01 00:58:26,,97.0,,B03404
B00225,2025-01-01 00:13:50,2025-01-01 00:19:00,,74.0,,B03407
B00225,2025-01-01 00:32:11,2025-01-01 00:40:27,,42.0,,B03407
B00225,2025-01-01 00:47:13,2025-01-01 00:55:47,,74.0,,B03407
B00225,2025-01-01 00:22:08,2025-01-01 00:48:04,,35.0,,B03404
B00225,2025-01-01 00:46:30,2025-01-01 00:49:06,,144.0,,B03404
B00225,2025-01-01 00:50:56,2025-01-01 01:22:02,,63.0,,B00225
B00225,2025-01-01 00:25:52,2025-01-01 00:49:17,,143.0,,B03404
B00225,2025-01-01 00:53:44,2025-01-01 01:18:00,,14.0,,B03404
B00227,2025-01-01 00:15:00,2025-01-01 00:58:00,,,,B00227
B00254,2025-01-01 00:17:33,2025-01-01 00:41:16,161.0,265.0,,B00254
B00254,2025-01-01 00:51:10,2025-01-01 01:33:57,48.0,97.0,,B00254
B00254,2025-01-01 00:22:04,2025-01-01 00:26:42,163.0,237.0,,B00254
B00254,2025-01-01 00:27:03,2025-01-01 00:31:42,237.0,141.0,,B00254
B00256,2025-01-01 00:52:19,2025-01-01 01:14:52,,,,B00256
B00256,2025-01-01 00:16:15,2025-01-01 00:42:23,,,,B00256
B00256,2025-01-01 00:37:04,2025-01-01 01:21:17,,,,B00256
B00256,2025-01-01 00:31:30,2025-01-01 01:36:42,,,,B02026
B00256,2025-01-01 00:34:14,2025-01-01 02:25:11,,,,B00256
B00256,2025-01-01 00:26:02,2025-01-01 00:57:45,,,,B00256
B00256,2025-01-01 00:43:45,2025-01-01 01:00:31,,,,B00256
B00256,2025-01-01 00:35:49,2025-01-01 01:48:33,,,,B00256
B00256,2025-01-01 00:24:32,2025-01-01 01:14:11,,,,B00256
B00256,2025-01-01 00:21:02,2025-01-01 00:45:01,,,,B00256
B00271,2025-01-01 00:06:13,2025-01-01 00:24:37,,262.0,,B00271
B00271,2025-01-01 00:41:26,2025-01-01 01:32:19,,265.0,,B00271
B00271,2025-01-01 00:50:25,2025-01-01 01:20:20,,140.0,,B03404
B00271,2025-01-01 00:56:43,2025-01-01 01:31:25,,238.0,,B03557
B00271,2025-01-01 00:18:20,2025-01-01 00:33:43,,263.0,,B03404
B00271,2025-01-01 00:40:18,2025-01-01 01:49:42,,265.0,,B00271
B00280,2025-01-01 00:36:00,2025-01-01 01:22:00,,,,B00280
B00280,2025-01-01 00:46:00,2025-01-01 01:42:00,,,,B00280
B00280,2025-01-01 00:42:00,2025-01-01 01:09:00,,,,B00280
B00280,2025-01-01 00:46:00,2025-01-01 01:38:00,,,,B00280
B00310,2025-01-01 00:42:03,2025-01-01 00:45:02,,167.0,,B03404
B00310,2025-01-01 00:27:18,2025-01-01 00:38:41,,247.0,,B00310
B00310,2025-01-01 00:45:49,2025-01-01 01:01:07,,241.0,,B00310
B00310,2025-01-01 00:01:42,2025-01-01 00:15:04,,259.0,,B03595
B00310,2025-01-01 00:32:16,2025-01-01 00:50:57,,235.0,,B03595
B00310,2025-01-01 00:58:24,2025-01-01 01:15:25,,242.0,,B03595
B00310,2025-01-01 00:01:12,2025-01-01 00:06:44,,78.0,,B00310
B00310,2025-01-01 00:26:36,2025-01-01 00:36:43,,212.0,,B00310
B00310,2025-01-01 00:55:47,2025-01-01 01:07:27,,254.0,,B00310
B00310,2025-01-01 00:15:15,2025-01-01 00:28:31,,51.0,,B03404
B00310,2025-01-01 00:39:14,2025-01-01 00:59:52,,78.0,,B03404
B00310,2025-01-01 00:18:23,2025-01-01 00:33:44,,42.0,,B03404
B00310,2025-01-01 00:40:32,2025-01-01 01:02:37,,47.0,,B03404
B00310,2025-01-01 00:19:11,2025-01-01 00:35:10,,69.0,,B03404
B00310,2025-01-01 00:42:18,2025-01-01 00:56:34,,244.0,,B03404
B00310,2025-01-01 00:13:20,2025-01-01 00:24:16,,32.0,,B03404
B00310,2025-01-01 00:37:40,2025-01-01 00:55:45,,169.0,,B03404
B00310,2025-01-01 00:14:36,2025-01-01 00:31:20,,213.0,,B03404
B00310,2025-01-01 00:13:10,2025-01-01 00:15:12,,248.0,,B03404
B00310,2025-01-01 00:23:32,2025-01-01 00:31:42,,235.0,,B03404
B00310,2025-01-01 00:48:18,2025-01-01 01:05:23,,185.0,,B03404
B00310,2025-01-01 00:01:40,2025-01-01 00:12:22,,168.0,,B03404
B00310,2025-01-01 00:06:53,2025-01-01 00:19:18,,212.0,,B03404
B00310,2025-01-01 00:47:47,2025-01-01 01:01:17,,241.0,,B03404
B00310,2025-01-01 00:33:15,2025-01-01 00:47:47,,159.0,,B03404
B00310,2025-01-01 00:58:33,2025-01-01 01:27:16,,18.0,,B03404
B00446,2025-01-01 00:27:57,2025-01-01 01:04:20,124.0,141.0,,B00446
B00448,2025-01-01 00:23:00,2025-01-01 20:40:20,,127.0,,B00448
B00448,2025-01-01 00:59:26,2025-01-01 02:07:47,,265.0,,B00448
B00448,2025-01-01 00:16:01,2025-01-01 00:30:21,,236.0,,B01087
B00459,2025-01-01 00:23:22,2025-01-01 00:38:56,,18.0,,B03404
B00459,2025-01-01 00:43:00,2025-01-01 00:59:01,,169.0,,B03404
B00459,2025-01-01 00:12:28,2025-01-01 00:22:16,,76.0,,B03407
B00459,2025-01-01 00:35:57,2025-01-01 00:49:01,,222.0,,B03407
B00628,2025-01-01 00:05:09,2025-01-01 00:23:54,88.0,225.0,,B00628
B00647,2025-01-01 00:15:11,2025-01-01 00:27:38,,250.0,,B00647
B00647,2025-01-01 00:08:40,2025-01-01 00:12:36,,147.0,,B00647
B00647,2025-01-01 00:23:28,2025-01-01 00:36:07,,212.0,,B00647
B00647,2025-01-01 00:53:21,2025-01-01 01:05:43,,42.0,,B00647
B00647,2025-01-01 00:39:48,2025-01-01 00:54:35,,213.0,,B00647
B00647,2025-01-01 00:34:58,2025-01-01 00:53:07,,244.0,,B03164
B00647,2025-01-01 00:25:40,2025-01-01 00:31:09,,174.0,,B03398
B00647,2025-01-01 00:35:51,2025-01-01 00:45:46,,185.0,,B03398
B00647,2025-01-01 00:50:33,2025-01-01 01:06:08,,147.0,,B03398
B00647,2025-01-01 00:23:18,2025-01-01 00:50:48,,241.0,,B03404
B00647,2025-01-01 00:57:01,2025-01-01 01:14:25,,167.0,,B03404
B00647,2025-01-01 00:29:55,2025-01-01 00:37:26,,241.0,,B00647
B00647,2025-01-01 00:50:34,2025-01-01 01:08:13,,212.0,,B03164
B00647,2025-01-01 00:01:46,2025-01-01 00:08:45,,18.0,,B00647
B00647,2025-01-01 00:15:38,2025-01-01 00:36:17,,159.0,,B00647
B00647,2025-01-01 00:51:21,2025-01-01 01:10:04,,147.0,,B00647
B00647,2025-01-01 00:21:17,2025-01-01 00:31:51,,247.0,,B03404
B00647,2025-01-01 00:11:51,2025-01-01 00:27:37,,254.0,,B03404
B00647,2025-01-01 00:33:50,2025-01-01 00:39:49,,81.0,,B03404
B00647,2025-01-01 00:46:22,2025-01-01 00:57:35,,254.0,,B03404
B00647,2025-01-01 00:20:37,2025-01-01 00:32:02,,159.0,,B00647
B00647,2025-01-01 00:42:00,2025-01-01 00:59:06,,169.0,,B00647
B00647,2025-01-01 00:20:53,2025-01-01 00:26:17,,159.0,,B03404
B00647,2025-01-01 00:40:17,2025-01-01 00:54:20,,169.0,,B03404
B00647,2025-01-01 00:11:00,2025-01-01 00:15:44,,69.0,,B03404
B00647,2025-01-01 00:01:05,2025-01-01 00:12:29,,182.0,,B00647
B00647,2025-01-01 00:28:33,2025-01-01 00:49:49,,167.0,,B00647
B00647,2025-01-01 00:56:10,2025-01-01 01:13:07,,247.0,,B00647
B00647,2025-01-01 00:19:46,2025-01-01 00:23:47,,247.0,,B03164
B00647,2025-01-01 00:55:06,2025-01-01 01:11:05,,69.0,,B03164
B00647,2025-01-01 00:46:11,2025-01-01 01:02:57,,169.0,,B01288
B00647,2025-01-01 00:24:30,2025-01-01 00:33:54,,243.0,,B03404
B00647,2025-01-01 00:46:02,2025-01-01 00:58:12,,212.0,,B03404
B00647,2025-01-01 00:10:35,2025-01-01 00:18:20,,31.0,,B03404
B00647,2025-01-01 00:10:39,2025-01-01 00:19:46,,78.0,,B00647
B00647,2025-01-01 00:27:40,2025-01-01 00:38:23,,32.0,,B00647
B00647,2025-01-01 00:45:09,2025-01-01 00:54:05,,212.0,,B03404
B00647,2025-01-01 00:26:43,2025-01-01 00:42:25,,167.0,,B03404
B00647,2025-01-01 00:55:10,2025-01-01 01:11:13,,213.0,,B03404
B00647,2025-01-01 00:19:45,2025-01-01 00:59:18,,147.0,,B03404
B00647,2025-01-01 00:22:41,2025-01-01 00:36:33,,244.0,,B03404
B00647,2025-01-01 00:43:32,2025-01-01 00:52:47,,119.0,,B03404
B00647,2025-01-01 00:37:32,2025-01-01 00:43:13,,212.0,,B03404
B00647,2025-01-01 00:49:49,2025-01-01 01:06:27,,126.0,,B03404
B00647,2025-01-01 00:33:47,2025-01-01 00:52:24,,136.0,,B03404
B00647,2025-01-01 00:37:42,2025-01-01 00:53:41,,265.0,,B03398
B00647,2025-01-01 00:55:20,2025-01-01 01:02:24,,168.0,,B03404
B00647,2025-01-01 00:18:37,2025-01-01 00:23:47,,119.0,,B03404
B00647,2025-01-01 00:27:18,2025-01-01 00:41:32,,167.0,,B03404
B00647,2025-01-01 00:26:16,2025-01-01 00:30:43,,18.0,,B03404
B00647,2025-01-01 00:50:13,2025-01-01 00:56:30,,136.0,,B03404
B00647,2025-01-01 00:35:34,2025-01-01 01:08:35,,138.0,,B03164
B00647,2025-01-01 00:27:47,2025-01-01 00:42:08,,182.0,,B03404
B00647,2025-01-01 00:47:40,2025-01-01 01:01:39,,94.0,,B00647
B00692,2025-01-01 00:22:24,2025-01-01 00:36:36,,22.0,,B03404
B00692,2025-01-01 00:12:43,2025-01-01 00:38:45,,37.0,,B03404
B00692,2025-01-01 00:52:34,2025-01-01 00:59:33,,225.0,,B03404
B00706,2025-01-01 00:16:19,2025-01-01 00:21:37,206.0,221.0,,B00706
B00706,2025-01-01 00:30:20,2025-01-01 00:39:24,206.0,115.0,,B00706
B00706,2025-01-01 00:22:59,2025-01-01 00:28:40,206.0,206.0,,B00706
B00706,2025-01-01 00:36:57,2025-01-01 00:45:45,115.0,221.0,,B00706
B00706,2025-01-01 00:49:35,2025-01-01 00:51:44,206.0,206.0,,B00706
B00706,2025-01-01 00:55:59,2025-01-01 01:07:38,206.0,115.0,,B00706
B00756,2025-01-01 00:32:00,2025-01-01 00:59:00,,,,B00756
B00756,2025-01-01 00:16:00,2025-01-01 00:29:00,,,,B00756
B00756,2025-01-01 00:48:00,2025-01-01 00:53:00,,,,B00756
B00756,2025-01-01 00:24:00,2025-01-01 00:33:00,,,,B02902
B00756,2025-01-01 00:49:00,2025-01-01 00:57:00,,,,B02902
B00756,2025-01-01 00:32:00,2025-01-01 00:36:00,,,,B03557
B00802,2025-01-01 00:13:04,2025-01-01 00:17:34,,228.0,,B00802
B00802,2025-01-01 00:47:25,2025-01-01 00:50:58,,227.0,,B00802
B00802,2025-01-01 00:56:45,2025-01-01 01:08:45,,67.0,,B00802
B00802,2025-01-01 00:10:02,2025-01-01 00:16:49,,228.0,,B00802
B00821,2025-01-01 00:33:54,2025-01-01 00:38:57,,63.0,,B03404
B00821,2025-01-01 00:27:34,2025-01-01 00:36:43,,198.0,,B02826
B00821,2025-01-01 00:47:46,2025-01-01 01:03:08,,216.0,,B02826
B00821,2025-01-01 00:20:14,2025-01-01 00:24:40,,76.0,,B00821
B00821,2025-01-01 00:34:11,2025-01-01 00:43:10,,76.0,,B00821
B00821,2025-01-01 00:12:07,2025-01-01 00:18:41,,63.0,,B03304
B00821,2025-01-01 00:54:27,2025-01-01 01:05:11,,177.0,,B03304
B00821,2025-01-01 00:28:21,2025-01-01 00:43:45,,197.0,,B03404
B00821,2025-01-01 00:57:51,2025-01-01 01:13:03,,76.0,,B03404
B00821,2025-01-01 00:19:39,2025-01-01 00:27:27,,72.0,,B03404
B00821,2025-01-01 00:11:24,2025-01-01 00:21:06,,216.0,,B03404
B00821,2025-01-01 00:04:57,2025-01-01 00:16:03,,63.0,,B03404
B00821,2025-01-01 00:25:12,2025-01-01 00:33:06,,76.0,,B03404
B00821,2025-01-01 00:45:55,2025-01-01 00:55:16,,258.0,,B03404
B00821,2025-01-01 00:02:03,2025-01-01 00:03:40,,80.0,,B02932
B00821,2025-01-01 00:14:52,2025-01-01 00:31:55,,35.0,,B02932
B00821,2025-01-01 00:59:26,2025-01-01 01:19:17,,61.0,,B02932
B00821,2025-01-01 00:19:52,2025-01-01 00:24:20,,63.0,,B02475
B00821,2025-01-01 00:33:00,2025-01-01 00:49:00,,77.0,,B02475
B00821,2025-01-01 00:16:49,2025-01-01 00:18:38,,63.0,,B03404
B00821,2025-01-01 00:37:29,2025-01-01 00:51:54,,36.0,,B03404
B00821,2025-01-01 00:57:50,2025-01-01 01:04:49,,36.0,,B03404
B00837,2025-01-01 00:45:02,2025-01-01 01:22:21,,,,B00837
B00837,2025-01-01 00:07:37,2025-01-01 00:50:51,,,,B00837
B00856,2025-01-01 00:50:32,2025-01-01 01:06:24,,61.0,,B03404
B00856,2025-01-01 00:15:28,2025-01-01 00:31:02,,61.0,,B03404
B00856,2025-01-01 00:38:51,2025-01-01 00:49:39,,35.0,,B03404
B00856,2025-01-01 00:56:23,2025-01-01 01:01:46,,35.0,,B03404
B00856,2025-01-01 00:06:09,2025-01-01 00:12:12,,76.0,,B03436
B00856,2025-01-01 00:34:13,2025-01-01 01:23:55,,83.0,,B02932
B00856,2025-01-01 00:45:24,2025-01-01 01:00:11,,76.0,,B03406
B00856,2025-01-01 00:11:40,2025-01-01 00:21:46,,72.0,,B03404
B00856,2025-01-01 00:42:27,2025-01-01 00:57:26,,39.0,,B03404
B00856,2025-01-01 00:23:50,2025-01-01 00:39:51,,35.0,,B03404
B00856,2025-01-01 00:47:18,2025-01-01 00:53:54,,35.0,,B03404
B00856,2025-01-01 00:43:35,2025-01-01 00:46:23,,61.0,,B02677
B00856,2025-01-01 00:07:15,2025-01-01 00:22:56,,63.0,,B00411
B00856,2025-01-01 00:51:53,2025-01-01 01:05:39,,72.0,,B00411
B00856,2025-01-01 00:30:24,2025-01-01 00:36:45,,77.0,,B03404
B00856,2025-01-01 00:41:42,2025-01-01 00:54:10,,76.0,,B03404
B00856,2025-01-01 00:01:44,2025-01-01 00:10:13,,61.0,,B03404
B00856,2025-01-01 00:24:20,2025-01-01 00:25:24,,177.0,,B03404
B00856,2025-01-01 00:41:12,2025-01-01 01:13:34,,144.0,,B03404
B00856,2025-01-01 00:11:07,2025-01-01 00:42:04,,63.0,,B02902
B00856,2025-01-01 00:55:20,2025-01-01 01:12:01,,39.0,,B02902
B00856,2025-01-01 00:29:20,2025-01-01 00:49:41,,72.0,,B00856
B00856,2025-01-01 00:01:06,2025-01-01 00:14:13,,72.0,,B02794
B00856,2025-01-01 00:22:16,2025-01-01 00:34:18,,61.0,,B02794
B00856,2025-01-01 00:55:10,2025-01-01 01:16:32,,77.0,,B02794
B00856,2025-01-01 00:13:31,2025-01-01 00:16:54,,35.0,,B03404
B00856,2025-01-01 00:23:41,2025-01-01 00:25:49,,72.0,,B03404
B00856,2025-01-01 00:30:39,2025-01-01 00:37:56,,76.0,,B03404
B00856,2025-01-01 00:49:13,2025-01-01 01:02:14,,177.0,,B03404
B00856,2025-01-01 00:05:18,2025-01-01 00:07:53,,76.0,,B03461
B00856,2025-01-01 00:22:46,2025-01-01 00:33:39,,37.0,,B03461
B00856,2025-01-01 00:42:37,2025-01-01 00:47:57,,61.0,,B03461
B00856,2025-01-01 00:00:57,2025-01-01 00:10:26,,188.0,,B03404
B00856,2025-01-01 00:16:42,2025-01-01 00:24:18,,61.0,,B03404
B00856,2025-01-01 00:37:29,2025-01-01 00:53:18,,39.0,,B03404
B00856,2025-01-01 00:33:45,2025-01-01 01:07:12,,91.0,,B03404
B00856,2025-01-01 00:43:45,2025-01-01 00:50:02,,80.0,,B03404
B00856,2025-01-01 00:58:05,2025-01-01 01:18:49,,71.0,,B03404
B00856,2025-01-01 00:49:18,2025-01-01 01:05:57,,26.0,,B03461
B00856,2025-01-01 00:14:09,2025-01-01 00:28:22,,39.0,,B02557
B00856,2025-01-01 00:56:37,2025-01-01 01:15:11,,123.0,,B02557
B00856,2025-01-01 00:08:37,2025-01-01 00:13:26,,63.0,,B03152
B00856,2025-01-01 00:37:01,2025-01-01 00:52:46,,17.0,,B03036
B00856,2025-01-01 00:38:45,2025-01-01 00:57:05,,36.0,,B02794
B00856,2025-01-01 00:23:49,2025-01-01 00:34:21,,35.0,,B03404
B00856,2025-01-01 00:40:31,2025-01-01 00:49:38,,72.0,,B03404
B00856,2025-01-01 00:39:51,2025-01-01 00:53:46,,91.0,,B03404
B00856,2025-01-01 00:18:38,2025-01-01 00:35:03,,177.0,,B03404
B00856,2025-01-01 00:16:36,2025-01-01 00:32:22,,61.0,,B03404
B00856,2025-01-01 00:39:10,2025-01-01 00:51:54,,189.0,,B03404
B00856,2025-01-01 00:22:17,2025-01-01 00:45:42,,222.0,,B03404
B00856,2025-01-01 00:28:09,2025-01-01 00:30:13,,77.0,,B03152
B00856,2025-01-01 00:48:08,2025-01-01 01:02:14,,17.0,,B03152
B00856,2025-01-01 00:10:14,2025-01-01 00:16:22,,26.0,,B03406
B00856,2025-01-01 00:28:04,2025-01-01 00:43:27,,72.0,,B03406
B00856,2025-01-01 00:30:02,2025-01-01 00:55:07,,55.0,,B03404
B00856,2025-01-01 00:11:09,2025-01-01 00:29:07,,76.0,,B03404
B00856,2025-01-01 00:46:16,2025-01-01 01:12:44,,226.0,,B03404
B00856,2025-01-01 00:28:58,2025-01-01 00:53:26,,225.0,,B03404
B00856,2025-01-01 00:59:10,2025-01-01 01:17:14,,35.0,,B03404
B00856,2025-01-01 00:45:21,2025-01-01 01:19:30,,85.0,,B03404
B00856,2025-01-01 00:31:13,2025-01-01 00:54:57,,71.0,,B03036
B00856,2025-01-01 00:59:46,2025-01-01 01:19:12,,61.0,,B03036
B00856,2025-01-01 00:09:24,2025-01-01 00:31:58,,165.0,,B02160
B00856,2025-01-01 00:41:56,2025-01-01 00:50:31,,72.0,,B02160
B00856,2025-01-01 00:58:40,2025-01-01 01:13:39,,35.0,,B02160
B00856,2025-01-01 00:15:45,2025-01-01 00:39:33,,77.0,,B03404
B00856,2025-01-01 00:45:01,2025-01-01 01:01:37,,72.0,,B03404
B00856,2025-01-01 00:09:27,2025-01-01 00:17:10,,72.0,,B03404
B00856,2025-01-01 00:50:33,2025-01-01 00:56:53,,76.0,,B03404
B00856,2025-01-01 00:35:46,2025-01-01 00:40:34,,227.0,,B02800
B00856,2025-01-01 00:55:01,2025-01-01 01:34:52,,37.0,,B02800
B00856,2025-01-01 00:09:41,2025-01-01 00:15:25,,77.0,,B03404
B00856,2025-01-01 00:33:51,2025-01-01 00:43:14,,35.0,,B03404
B00856,2025-01-01 00:49:28,2025-01-01 00:55:12,,72.0,,B03404
B00856,2025-01-01 00:08:18,2025-01-01 00:33:50,,130.0,,B03404
B00856,2025-01-01 00:44:47,2025-01-01 01:29:44,,37.0,,B03404
B00856,2025-01-01 00:22:10,2025-01-01 00:35:10,,177.0,,B03404
B00856,2025-01-01 00:47:33,2025-01-01 01:00:03,,225.0,,B03404
B00856,2025-01-01 00:32:41,2025-01-01 00:46:14,,71.0,,B03404
B00856,2025-01-01 00:13:38,2025-01-01 00:21:22,,76.0,,B00111
B00856,2025-01-01 00:46:50,2025-01-01 01:02:47,,78.0,,B03404
B00856,2025-01-01 00:10:42,2025-01-01 00:21:11,,216.0,,B03404
B00856,2025-01-01 00:24:10,2025-01-01 00:41:07,,49.0,,B03404
B00856,2025-01-01 00:16:32,2025-01-01 00:41:45,,37.0,,B03404
B00856,2025-01-01 00:25:10,2025-01-01 00:41:11,,76.0,,B03461
B00856,2025-01-01 00:46:39,2025-01-01 00:50:06,,77.0,,B03461
B00856,2025-01-01 00:55:04,2025-01-01 01:01:33,,63.0,,B03461
B00856,2025-01-01 00:16:36,2025-01-01 00:38:36,,171.0,,B03404
B00856,2025-01-01 00:17:26,2025-01-01 00:43:27,,71.0,,B02932
B00856,2025-01-01 00:50:30,2025-01-01 01:05:39,,181.0,,B02932
B00856,2025-01-01 00:18:39,2025-01-01 00:19:12,,225.0,,B03404
B00856,2025-01-01 00:30:17,2025-01-01 00:33:03,,17.0,,B03404
B00856,2025-01-01 00:36:43,2025-01-01 00:48:03,,35.0,,B03404
B00856,2025-01-01 00:51:23,2025-01-01 01:20:27,,216.0,,B03404
B00856,2025-01-01 00:30:35,2025-01-01 00:47:22,,61.0,,B00856
B00856,2025-01-01 00:58:44,2025-01-01 01:12:01,,35.0,,B00856
B00856,2025-01-01 00:27:44,2025-01-01 00:44:17,,39.0,,B03152
B00856,2025-01-01 00:51:06,2025-01-01 01:04:50,,61.0,,B03152
B00856,2025-01-01 00:31:58,2025-01-01 00:43:12,,61.0,,B03404
B00856,2025-01-01 00:57:37,2025-01-01 01:33:07,,76.0,,B03404
B00856,2025-01-01 00:12:33,2025-01-01 00:29:06,,157.0,,B03404
B00856,2025-01-01 00:45:56,2025-01-01 01:16:58,,25.0,,B03404
B00856,2025-01-01 00:11:37,2025-01-01 00:25:42,,39.0,,B02162
B00856,2025-01-01 00:32:54,2025-01-01 00:48:29,,222.0,,B02162
B00856,2025-01-01 00:53:30,2025-01-01 01:02:35,,77.0,,B02162
B00856,2025-01-01 00:05:40,2025-01-01 00:19:17,,76.0,,B03404
B00856,2025-01-01 00:25:32,2025-01-01 00:33:31,,222.0,,B03404
B00856,2025-01-01 00:41:16,2025-01-01 00:46:08,,35.0,,B03404
B00856,2025-01-01 00:04:34,2025-01-01 00:08:06,,37.0,,B03404
B00856,2025-01-01 00:18:27,2025-01-01 00:23:53,,177.0,,B03404
B00856,2025-01-01 00:31:21,2025-01-01 00:41:26,,35.0,,B03404
B00856,2025-01-01 00:52:04,2025-01-01 01:00:13,,72.0,,B03404
B00856,2025-01-01 00:45:12,2025-01-01 01:02:32,,72.0,,B03404
B00856,2025-01-01 00:34:07,2025-01-01 00:39:40,,76.0,,B03152
B00856,2025-01-01 00:15:16,2025-01-01 00:23:31,,61.0,,B03404
B00856,2025-01-01 00:31:43,2025-01-01 00:41:06,,61.0,,B03404
B00856,2025-01-01 00:13:19,2025-01-01 00:22:27,,72.0,,B03404
B00856,2025-01-01 00:29:51,2025-01-01 00:38:02,,72.0,,B03404
B00856,2025-01-01 00:54:30,2025-01-01 01:10:34,,61.0,,B03404
B00856,2025-01-01 00:04:40,2025-01-01 00:21:12,,76.0,,B03404
B00856,2025-01-01 00:02:44,2025-01-01 00:24:44,,198.0,,B02550
B00856,2025-01-01 00:32:24,2025-01-01 00:38:38,,37.0,,B02550
B00856,2025-01-01 00:45:44,2025-01-01 01:10:14,,71.0,,B02550
B00856,2025-01-01 00:12:58,2025-01-01 00:27:46,,72.0,,B02902
B00856,2025-01-01 00:07:08,2025-01-01 00:24:26,,82.0,,B03404
B00856,2025-01-01 00:13:10,2025-01-01 00:30:18,,25.0,,B03404
B00856,2025-01-01 00:51:21,2025-01-01 00:59:21,,225.0,,B03404
B00856,2025-01-01 00:06:41,2025-01-01 00:22:58,,72.0,,B03404
B00856,2025-01-01 00:34:29,2025-01-01 00:43:02,,37.0,,B03461
B00856,2025-01-01 00:49:43,2025-01-01 01:13:48,,35.0,,B03461
B00856,2025-01-01 00:32:54,2025-01-01 00:50:07,,35.0,,B03461
B00856,2025-01-01 00:54:46,2025-01-01 01:08:50,,222.0,,B03461
B00856,2025-01-01 00:38:06,2025-01-01 00:50:13,,61.0,,B03404
B00856,2025-01-01 00:12:06,2025-01-01 00:21:34,,39.0,,B03152
B00856,2025-01-01 00:51:31,2025-01-01 01:20:39,,216.0,,B03152
B00856,2025-01-01 00:02:13,2025-01-01 00:05:00,,76.0,,B03461
B00856,2025-01-01 00:12:13,2025-01-01 00:20:04,,76.0,,B03461
B00856,2025-01-01 00:32:06,2025-01-01 00:36:14,,76.0,,B03461
B00856,2025-01-01 00:37:34,2025-01-01 00:42:42,,76.0,,B03461
B00856,2025-01-01 00:50:45,2025-01-01 00:51:17,,76.0,,B03461
B00856,2025-01-01 00:09:03,2025-01-01 00:22:51,,188.0,,B03404
B00856,2025-01-01 00:53:13,2025-01-01 01:06:07,,72.0,,B03404
B00856,2025-01-01 00:04:54,2025-01-01 00:33:38,,216.0,,B03647
B00856,2025-01-01 00:22:43,2025-01-01 00:29:31,,17.0,,B03111
B00856,2025-01-01 00:43:46,2025-01-01 01:12:49,,76.0,,B03111
B00856,2025-01-01 00:26:58,2025-01-01 00:40:06,,63.0,,B03461
B00856,2025-01-01 00:47:52,2025-01-01 01:12:41,,37.0,,B03461
B00856,2025-01-01 00:24:01,2025-01-01 00:47:42,,177.0,,B03404
B00856,2025-01-01 00:58:53,2025-01-01 01:13:21,,61.0,,B03404
B00856,2025-01-01 00:02:26,2025-01-01 00:22:29,,62.0,,B03404
B00856,2025-01-01 00:38:31,2025-01-01 00:58:17,,61.0,,B03404
B00856,2025-01-01 00:23:03,2025-01-01 00:35:57,,91.0,,B03404
B00856,2025-01-01 00:43:08,2025-01-01 01:05:16,,35.0,,B03404
B00856,2025-01-01 00:14:35,2025-01-01 00:16:56,,35.0,,B03404
B00856,2025-01-01 00:31:15,2025-01-01 00:39:02,,177.0,,B03404
B00856,2025-01-01 00:27:18,2025-01-01 00:31:13,,76.0,,B03461
B00856,2025-01-01 00:40:39,2025-01-01 00:49:37,,76.0,,B03461
B00856,2025-01-01 00:55:28,2025-01-01 01:02:00,,77.0,,B03461
B00856,2025-01-01 00:19:33,2025-01-01 00:43:11,,76.0,,B02932
B00856,2025-01-01 00:48:13,2025-01-01 00:54:08,,77.0,,B02932
B00856,2025-01-01 00:59:15,2025-01-01 01:09:44,,35.0,,B02932
B00856,2025-01-01 00:26:56,2025-01-01 00:41:51,,188.0,,B03404
B00856,2025-01-01 00:44:51,2025-01-01 01:09:37,,155.0,,B03404
B00856,2025-01-01 00:43:32,2025-01-01 01:08:21,,77.0,,B03404
B00856,2025-01-01 00:03:33,2025-01-01 00:15:51,,26.0,,B03404
B00856,2025-01-01 00:15:51,2025-01-01 00:25:25,,225.0,,B03404
B00856,2025-01-01 00:31:44,2025-01-01 00:45:44,,61.0,,B03404
B00856,2025-01-01 00:58:12,2025-01-01 01:09:24,,188.0,,B03404
B00856,2025-01-01 00:08:35,2025-01-01 00:31:53,,256.0,,B03404
B00856,2025-01-01 00:52:38,2025-01-01 01:14:27,,76.0,,B03404
B00856,2025-01-01 00:27:16,2025-01-01 00:50:03,,197.0,,B03404
B00856,2025-01-01 00:34:05,2025-01-01 01:33:47,,49.0,,B02932
B00856,2025-01-01 00:38:18,2025-01-01 00:58:03,,225.0,,B03450
B00856,2025-01-01 00:00:18,2025-01-01 00:20:12,,145.0,,B03291
B00856,2025-01-01 00:42:38,2025-01-01 01:08:30,,61.0,,B03291
B00856,2025-01-01 00:13:37,2025-01-01 00:20:54,,177.0,,B03404
B00856,2025-01-01 00:24:51,2025-01-01 00:41:58,,188.0,,B03404
B00856,2025-01-01 00:50:22,2025-01-01 01:16:28,,77.0,,B03404
B00856,2025-01-01 00:13:27,2025-01-01 00:28:41,,72.0,,B03404
B00856,2025-01-01 00:32:47,2025-01-01 00:44:50,,77.0,,B03404
B00856,2025-01-01 00:28:53,2025-01-01 00:57:36,,80.0,,B02932
B00856,2025-01-01 00:08:42,2025-01-01 00:30:27,,80.0,,B03404
B00856,2025-01-01 00:49:11,2025-01-01 01:23:12,,91.0,,B03404
B00856,2025-01-01 00:11:26,2025-01-01 00:25:17,,177.0,,B03647
B00856,2025-01-01 00:33:18,2025-01-01 00:55:21,,225.0,,B03647
B00856,2025-01-01 00:24:13,2025-01-01 00:42:17,,56.0,,B03404
B00856,2025-01-01 00:10:07,2025-01-01 00:23:03,,76.0,,B03404
B00856,2025-01-01 00:33:09,2025-01-01 00:55:48,,225.0,,B03404
B00856,2025-01-01 00:13:53,2025-01-01 00:44:14,,25.0,,B03404
B00856,2025-01-01 00:50:57,2025-01-01 01:06:33,,80.0,,B03404
B00856,2025-01-01 00:46:29,2025-01-01 01:17:00,,61.0,,B02902
B00856,2025-01-01 00:02:24,2025-01-01 00:20:17,,39.0,,B03404
B00856,2025-01-01 00:38:58,2025-01-01 00:50:43,,72.0,,B03404
B00856,2025-01-01 00:57:10,2025-01-01 01:00:04,,61.0,,B03404
B00856,2025-01-01 00:17:13,2025-01-01 00:23:32,,17.0,,B03404
B00856,2025-01-01 00:29:00,2025-01-01 00:45:42,,72.0,,B03404
B00856,2025-01-01 00:52:59,2025-01-01 01:04:14,,61.0,,B03404
B00856,2025-01-01 00:14:07,2025-01-01 00:25:12,,61.0,,B03404
B00856,2025-01-01 00:42:58,2025-01-01 00:51:16,,225.0,,B03404
B00856,2025-01-01 00:59:39,2025-01-01 01:01:27,,17.0,,B03404
B00856,2025-01-01 00:19:59,2025-01-01 00:44:26,,39.0,,B03036
B00856,2025-01-01 00:58:50,2025-01-01 01:06:25,,77.0,,B03036
B00856,2025-01-01 00:10:25,2025-01-01 00:30:10,,35.0,,B03404
B00856,2025-01-01 00:13:04,2025-01-01 00:40:14,,124.0,,B03404
B00856,2025-01-01 00:58:30,2025-01-01 01:14:25,,42.0,,B03404
B00856,2025-01-01 00:36:00,2025-01-01 01:07:51,,61.0,,B03404
B00856,2025-01-01 00:42:37,2025-01-01 01:01:47,,35.0,,B03404
B00856,2025-01-01 00:38:07,2025-01-01 01:13:50,,72.0,,B03404
B00856,2025-01-01 00:07:17,2025-01-01 00:42:26,,129.0,,B03461
B00856,2025-01-01 00:05:56,2025-01-01 00:21:06,,227.0,,B03422
B00856,2025-01-01 00:41:09,2025-01-01 01:13:16,,217.0,,B03422
B00856,2025-01-01 00:31:06,2025-01-01 00:56:03,,177.0,,B03404
B00856,2025-01-01 00:11:05,2025-01-01 00:20:41,,61.0,,B03021
B00856,2025-01-01 00:23:12,2025-01-01 00:41:22,,63.0,,B03021
B00856,2025-01-01 00:59:21,2025-01-01 01:14:05,,35.0,,B03021
B00856,2025-01-01 00:19:57,2025-01-01 00:30:49,,225.0,,B03404
B00856,2025-01-01 00:37:42,2025-01-01 00:42:19,,17.0,,B03404
B00856,2025-01-01 00:56:23,2025-01-01 01:06:57,,225.0,,B03404
B00856,2025-01-01 00:08:47,2025-01-01 00:17:00,,71.0,,B03404
B00856,2025-01-01 00:05:44,2025-01-01 00:16:19,,61.0,,B03404
B00856,2025-01-01 00:22:46,2025-01-01 00:38:48,,63.0,,B03404
B00856,2025-01-01 00:43:35,2025-01-01 00:58:03,,177.0,,B03404
B00856,2025-01-01 00:16:33,2025-01-01 00:38:36,,72.0,,B03404
B00856,2025-01-01 00:41:32,2025-01-01 00:54:54,,61.0,,B03404
B00856,2025-01-01 00:51:37,2025-01-01 00:58:24,,35.0,,B03404
B00856,2025-01-01 00:51:47,2025-01-01 01:10:52,,80.0,,B03404
B00856,2025-01-01 00:01:48,2025-01-01 00:07:24,,26.0,,B03404
B00856,2025-01-01 00:31:54,2025-01-01 00:53:42,,29.0,,B03404
B00856,2025-01-01 00:35:50,2025-01-01 00:53:38,,85.0,,B03152
B00856,2025-01-01 00:03:08,2025-01-01 00:14:54,,61.0,,B03404
B00856,2025-01-01 00:06:15,2025-01-01 00:07:59,,258.0,,B03404
B00856,2025-01-01 00:50:53,2025-01-01 00:58:16,,49.0,,B00013
B00887,2025-01-01 00:22:53,2025-01-01 00:49:47,,239.0,,B02390
B00887,2025-01-01 00:36:35,2025-01-01 01:04:24,,129.0,,B00887
B00887,2025-01-01 00:13:01,2025-01-01 00:33:28,,113.0,,B00887
B00887,2025-01-01 00:29:41,2025-01-01 01:01:18,,243.0,,B00887
B00887,2025-01-01 00:34:12,2025-01-01 01:10:46,,265.0,,B02465
B00887,2025-01-01 00:25:39,2025-01-01 00:33:03,,113.0,,B00887
B00887,2025-01-01 00:28:29,2025-01-01 00:49:37,,233.0,,B00887
B00887,2025-01-01 00:57:06,2025-01-01 01:18:45,,234.0,,B00887
B00887,2025-01-01 00:36:57,2025-01-01 00:46:49,,141.0,,B00887
B00887,2025-01-01 00:08:05,2025-01-01 00:32:52,,127.0,,B00887
B00887,2025-01-01 00:45:34,2025-01-01 01:19:14,,13.0,,B00887
B00887,2025-01-01 00:27:08,2025-01-01 00:46:26,,107.0,,B03407
B00887,2025-01-01 00:58:38,2025-01-01 01:29:48,,265.0,,B00887
B00887,2025-01-01 00:21:31,2025-01-01 00:51:20,,13.0,,B03406
B00887,2025-01-01 00:55:15,2025-01-01 01:32:02,,124.0,,B00887
B00887,2025-01-01 00:39:12,2025-01-01 00:55:09,,265.0,,B03404
B00887,2025-01-01 00:31:26,2025-01-01 00:45:28,,107.0,,B00887
B00887,2025-01-01 00:20:21,2025-01-01 00:43:25,,162.0,,B00887
B00887,2025-01-01 00:53:25,2025-01-01 01:42:01,,265.0,,B03404
B00887,2025-01-01 00:22:58,2025-01-01 00:34:26,,107.0,,B00887
B00887,2025-01-01 00:52:17,2025-01-01 01:13:35,,255.0,,B00887
B00887,2025-01-01 00:16:30,2025-01-01 00:55:03,,208.0,,B00887
B00887,2025-01-01 00:01:01,2025-01-01 00:50:31,,143.0,,B00887
B00887,2025-01-01 00:34:49,2025-01-01 01:04:58,,90.0,,B00887
B00887,2025-01-01 00:17:51,2025-01-01 01:16:39,,143.0,,B03404
B00887,2025-01-01 00:34:12,2025-01-01 01:15:31,,163.0,,B00887
B00900,2025-01-01 00:03:57,2025-01-01 00:11:33,,258.0,,B00900
B00900,2025-01-01 00:16:50,2025-01-01 00:24:05,,258.0,,B00900
B00900,2025-01-01 00:36:12,2025-01-01 00:46:27,,197.0,,B00900
B00900,2025-01-01 00:56:28,2025-01-01 01:01:32,,93.0,,B00900
B00900,2025-01-01 00:15:16,2025-01-01 00:22:37,,258.0,,B00900
B00900,2025-01-01 00:28:22,2025-01-01 00:41:08,,76.0,,B00900
B00900,2025-01-01 00:59:53,2025-01-01 01:09:33,,76.0,,B00900
B00900,2025-01-01 00:33:03,2025-01-01 00:42:11,,102.0,,B03404
B00911,2025-01-01 00:32:38,2025-01-01 00:47:34,,127.0,,B03404
B00911,2025-01-01 00:56:40,2025-01-01 01:09:51,,243.0,,B03394
B00911,2025-01-01 00:47:39,2025-01-01 00:58:18,,119.0,,B03404
B00911,2025-01-01 00:45:44,2025-01-01 01:03:27,,212.0,,B03404
B00911,2025-01-01 00:31:33,2025-01-01 00:50:17,,74.0,,B03416
B00911,2025-01-01 00:57:00,2025-01-01 01:08:45,,159.0,,B03404
B00911,2025-01-01 00:31:27,2025-01-01 00:42:18,,20.0,,B03407
B00911,2025-01-01 00:38:54,2025-01-01 00:47:55,,31.0,,B00911
B00911,2025-01-01 00:49:38,2025-01-01 00:51:16,,174.0,,B03404
B00911,2025-01-01 00:20:01,2025-01-01 00:31:21,,147.0,,B03404
B00911,2025-01-01 00:37:05,2025-01-01 00:38:12,,167.0,,B03404
B00911,2025-01-01 00:50:32,2025-01-01 01:15:30,,168.0,,B03404
B00911,2025-01-01 00:19:01,2025-01-01 00:26:43,,47.0,,B03404
B00911,2025-01-01 00:38:09,2025-01-01 01:07:40,,265.0,,B03404
B00911,2025-01-01 00:58:40,2025-01-01 01:07:43,,242.0,,B03036
B00911,2025-01-01 00:59:44,2025-01-01 01:13:32,,42.0,,B03230
B00911,2025-01-01 00:19:16,2025-01-01 00:33:06,,208.0,,B03404
B00911,2025-01-01 00:42:43,2025-01-01 00:46:57,,94.0,,B03230
B00911,2025-01-01 00:55:51,2025-01-01 01:06:44,,47.0,,B03230
B00911,2025-01-01 00:49:06,2025-01-01 01:02:49,,241.0,,B03404
B00911,2025-01-01 00:32:50,2025-01-01 00:44:16,,168.0,,B03404
B00911,2025-01-01 00:59:30,2025-01-01 01:11:54,,169.0,,B03404
B00911,2025-01-01 00:12:02,2025-01-01 00:17:30,,78.0,,B02950
B00911,2025-01-01 00:51:41,2025-01-01 01:07:20,,243.0,,B02950
B00911,2025-01-01 00:38:43,2025-01-01 00:50:19,,169.0,,B03404
B00911,2025-01-01 00:16:39,2025-01-01 00:33:16,,74.0,,B03215
B00911,2025-01-01 00:01:53,2025-01-01 00:02:55,,60.0,,B03404
B00911,2025-01-01 00:00:26,2025-01-01 00:17:40,,60.0,,B02133
B00911,2025-01-01 00:28:45,2025-01-01 00:34:12,,248.0,,B02133
B00911,2025-01-01 00:37:56,2025-01-01 00:44:55,,20.0,,B02133
B00911,2025-01-01 00:35:09,2025-01-01 00:38:36,,241.0,,B03404
B00911,2025-01-01 00:49:02,2025-01-01 01:07:27,,243.0,,B03404
B00911,2025-01-01 00:46:15,2025-01-01 00:55:38,,78.0,,B03404
B00911,2025-01-01 00:37:38,2025-01-01 00:56:23,,259.0,,B03404
B00911,2025-01-01 00:33:23,2025-01-01 00:42:35,,42.0,,B03404
B00911,2025-01-01 00:13:55,2025-01-01 00:30:44,,127.0,,B03404
B00919,2025-01-01 00:06:31,2025-01-01 00:15:08,,42.0,,B00919
B00919,2025-01-01 00:34:51,2025-01-01 00:40:36,,166.0,,B00919
B00919,2025-01-01 00:53:07,2025-01-01 00:57:01,,41.0,,B00919
B00919,2025-01-01 00:50:51,2025-01-01 01:10:44,,126.0,,B00919
B00919,2025-01-01 00:10:10,2025-01-01 00:14:33,,74.0,,B00919
B00919,2025-01-01 00:21:50,2025-01-01 00:29:33,,74.0,,B00919
B00919,2025-01-01 00:38:49,2025-01-01 00:47:56,,42.0,,B00919
B00919,2025-01-01 00:16:25,2025-01-01 00:24:50,,42.0,,B00919
B00919,2025-01-01 00:46:04,2025-01-01 01:09:13,,213.0,,B00919
B00919,2025-01-01 00:19:43,2025-01-01 00:31:42,,89.0,,B00919
B00919,2025-01-01 00:39:08,2025-01-01 00:52:13,,72.0,,B00919
B00919,2025-01-01 00:17:54,2025-01-01 00:27:06,,74.0,,B00919
B00919,2025-01-01 00:35:43,2025-01-01 00:43:33,,42.0,,B00919
B00919,2025-01-01 00:49:32,2025-01-01 01:19:18,,265.0,,B00919
B00919,2025-01-01 00:07:04,2025-01-01 00:26:13,,126.0,,B00919
B00937,2025-01-01 00:11:06,2025-01-01 00:21:29,,119.0,,B03049
B00937,2025-01-01 00:39:53,2025-01-01 00:52:48,,244.0,,B03049
B00937,2025-01-01 00:46:16,2025-01-01 00:49:40,,119.0,,B00937
B00937,2025-01-01 00:32:25,2025-01-01 00:44:51,,74.0,,B03404
B00937,2025-01-01 00:54:39,2025-01-01 01:04:35,,42.0,,B03404
B00937,2025-01-01 00:11:53,2025-01-01 00:28:35,,18.0,,B03404
B00937,2025-01-01 00:35:47,2025-01-01 00:50:30,,243.0,,B00937
B00937,2025-01-01 00:21:52,2025-01-01 00:27:25,,243.0,,B03406
B00937,2025-01-01 00:24:15,2025-01-01 00:38:19,,74.0,,B03049
B00937,2025-01-01 00:51:44,2025-01-01 01:02:23,,235.0,,B03049
B00937,2025-01-01 00:32:54,2025-01-01 00:52:00,,241.0,,B03394
B00937,2025-01-01 00:52:47,2025-01-01 01:05:10,,212.0,,B03404
B00937,2025-01-01 00:21:51,2025-01-01 00:43:52,,47.0,,B03404
B00937,2025-01-01 00:16:23,2025-01-01 00:31:11,,81.0,,B03404
B00937,2025-01-01 00:05:41,2025-01-01 00:12:17,,244.0,,B03174
B00937,2025-01-01 00:22:59,2025-01-01 00:31:09,,243.0,,B03174
B00937,2025-01-01 00:31:16,2025-01-01 00:35:13,,241.0,,B00937
B00937,2025-01-01 00:44:58,2025-01-01 00:53:50,,241.0,,B00937
B00937,2025-01-01 00:20:39,2025-01-01 00:40:53,,243.0,,B03404
B00937,2025-01-01 00:48:11,2025-01-01 01:06:00,,116.0,,B03404
B00937,2025-01-01 00:52:01,2025-01-01 01:09:54,,116.0,,B03407
B00937,2025-01-01 00:34:53,2025-01-01 00:52:00,,244.0,,B03049
B00937,2025-01-01 00:54:17,2025-01-01 01:09:26,,159.0,,B00911
B00937,2025-01-01 00:04:45,2025-01-01 00:17:02,,247.0,,B03404
B00937,2025-01-01 00:25:05,2025-01-01 00:35:32,,159.0,,B03404
B00937,2025-01-01 00:34:41,2025-01-01 00:51:25,,18.0,,B02537
B00937,2025-01-01 00:40:03,2025-01-01 00:59:45,,152.0,,B03105
B00937,2025-01-01 00:00:12,2025-01-01 00:02:22,,244.0,,B03404
B00937,2025-01-01 00:53:24,2025-01-01 01:02:17,,235.0,,B03407
B00937,2025-01-01 00:24:28,2025-01-01 00:35:50,,119.0,,B03404
B00937,2025-01-01 00:49:08,2025-01-01 01:10:40,,18.0,,B03404
B00937,2025-01-01 00:15:05,2025-01-01 00:28:02,,116.0,,B03407
B00937,2025-01-01 00:33:56,2025-01-01 00:58:26,,127.0,,B03407
B00937,2025-01-01 00:05:18,2025-01-01 00:11:18,,243.0,,B03049
B00937,2025-01-01 00:21:04,2025-01-01 00:27:09,,244.0,,B03049
B00937,2025-01-01 00:18:18,2025-01-01 00:25:58,,244.0,,B03404
B00937,2025-01-01 00:33:06,2025-01-01 00:40:32,,243.0,,B03404
B00937,2025-01-01 00:48:23,2025-01-01 01:02:15,,116.0,,B03404
B00937,2025-01-01 00:27:25,2025-01-01 01:01:01,,235.0,,B00789
B00937,2025-01-01 00:17:31,2025-01-01 00:44:40,,254.0,,B03404
B00937,2025-01-01 00:54:07,2025-01-01 01:02:50,,78.0,,B03404
B00937,2025-01-01 00:08:33,2025-01-01 00:21:13,,127.0,,B03404
B00937,2025-01-01 00:28:35,2025-01-01 00:39:56,,18.0,,B03404
B00937,2025-01-01 00:44:28,2025-01-01 00:47:58,,126.0,,B03404
B00937,2025-01-01 00:36:02,2025-01-01 00:47:04,,185.0,,B03036
B00937,2025-01-01 00:04:58,2025-01-01 00:13:28,,127.0,,B03404
B00937,2025-01-01 00:41:33,2025-01-01 00:55:55,,78.0,,B03404
B00937,2025-01-01 00:25:22,2025-01-01 00:41:25,,116.0,,B03404
B00937,2025-01-01 00:10:01,2025-01-01 00:15:41,,247.0,,B03230
B00937,2025-01-01 00:39:07,2025-01-01 00:51:05,,126.0,,B03230
B00937,2025-01-01 00:15:49,2025-01-01 00:20:27,,116.0,,B03049
B00937,2025-01-01 00:31:01,2025-01-01 00:41:42,,47.0,,B03049
B00937,2025-01-01 00:48:17,2025-01-01 01:15:59,,119.0,,B03049
B00937,2025-01-01 00:43:44,2025-01-01 00:59:12,,169.0,,B03404
B00937,2025-01-01 00:22:54,2025-01-01 00:38:04,,169.0,,B03404
B00937,2025-01-01 00:44:10,2025-01-01 01:09:39,,81.0,,B03404
B00937,2025-01-01 00:33:59,2025-01-01 00:53:33,,244.0,,B03404
B00937,2025-01-01 00:23:56,2025-01-01 00:37:33,,94.0,,B03230
B00937,2025-01-01 00:14:00,2025-01-01 00:29:31,,248.0,,B03404
B00937,2025-01-01 00:25:26,2025-01-01 00:32:35,,235.0,,B02950
B00937,2025-01-01 00:41:43,2025-01-01 00:47:09,,235.0,,B02950
B00937,2025-01-01 00:21:08,2025-01-01 00:25:29,,247.0,,B03404
B00937,2025-01-01 00:25:53,2025-01-01 00:39:31,,94.0,,B02826
B00937,2025-01-01 00:12:50,2025-01-01 00:33:09,,119.0,,B03404
B00937,2025-01-01 00:35:09,2025-01-01 00:49:42,,75.0,,B03404
B00937,2025-01-01 00:56:02,2025-01-01 01:17:38,,47.0,,B03404
B00937,2025-01-01 00:40:47,2025-01-01 00:54:00,,119.0,,B03215
B00937,2025-01-01 00:00:19,2025-01-01 00:19:41,,254.0,,B00911
B00937,2025-01-01 00:36:32,2025-01-01 00:54:22,,241.0,,B00911
B00937,2025-01-01 00:38:22,2025-01-01 00:44:59,,116.0,,B03404
B00937,2025-01-01 00:55:51,2025-01-01 01:11:10,,169.0,,B03404
B00937,2025-01-01 00:12:59,2025-01-01 00:23:32,,208.0,,B03404
B00937,2025-01-01 00:28:13,2025-01-01 00:35:49,,41.0,,B03036
B00937,2025-01-01 00:42:46,2025-01-01 01:02:41,,147.0,,B03036
B00937,2025-01-01 00:32:13,2025-01-01 00:57:10,,25.0,,B03404
B00937,2025-01-01 00:21:26,2025-01-01 00:39:12,,74.0,,B03406
B00937,2025-01-01 00:45:05,2025-01-01 00:55:43,,212.0,,B03406
B00937,2025-01-01 00:59:36,2025-01-01 01:26:16,,60.0,,B03406
B00937,2025-01-01 00:17:10,2025-01-01 00:34:30,,116.0,,B03049
B00937,2025-01-01 00:46:35,2025-01-01 00:56:00,,74.0,,B03049
B00937,2025-01-01 00:09:02,2025-01-01 00:16:23,,127.0,,B03404
B00937,2025-01-01 00:22:13,2025-01-01 00:31:22,,116.0,,B03404
B00937,2025-01-01 00:36:00,2025-01-01 00:51:23,,20.0,,B03404
B00937,2025-01-01 00:02:12,2025-01-01 00:31:07,,167.0,,B03049
B00937,2025-01-01 00:41:22,2025-01-01 00:54:31,,69.0,,B03049
B00937,2025-01-01 00:05:43,2025-01-01 00:14:32,,168.0,,B03404
B00937,2025-01-01 00:26:15,2025-01-01 00:54:01,,18.0,,B03404
B00937,2025-01-01 00:56:53,2025-01-01 01:05:06,,20.0,,B03404
B00937,2025-01-01 00:40:02,2025-01-01 00:47:54,,243.0,,B03288
B00937,2025-01-01 00:13:31,2025-01-01 00:25:19,,244.0,,B00013
B00937,2025-01-01 00:11:08,2025-01-01 00:28:30,,241.0,,B03404
B00937,2025-01-01 00:36:37,2025-01-01 00:54:36,,74.0,,B03404
B00937,2025-01-01 00:17:27,2025-01-01 00:19:30,,20.0,,B03404
B00937,2025-01-01 00:58:49,2025-01-01 01:07:18,,235.0,,B03404
B00937,2025-01-01 00:10:37,2025-01-01 00:23:34,,169.0,,B03406
B00937,2025-01-01 00:34:48,2025-01-01 00:45:08,,127.0,,B03406
B00937,2025-01-01 00:59:27,2025-01-01 01:24:32,,174.0,,B03406
B00937,2025-01-01 00:57:22,2025-01-01 01:12:48,,78.0,,B03404
B00937,2025-01-01 00:20:48,2025-01-01 00:28:16,,241.0,,B03398
B00937,2025-01-01 00:31:08,2025-01-01 00:36:10,,241.0,,B03398
B00937,2025-01-01 00:41:48,2025-01-01 00:57:51,,244.0,,B03398
B00937,2025-01-01 00:48:05,2025-01-01 01:07:37,,265.0,,B03404
B00937,2025-01-01 00:07:59,2025-01-01 00:26:34,,241.0,,B03404
B00937,2025-01-01 00:17:32,2025-01-01 00:31:54,,244.0,,B03404
B00937,2025-01-01 00:38:02,2025-01-01 00:47:38,,247.0,,B03404
B00937,2025-01-01 00:40:05,2025-01-01 01:00:24,,81.0,,B03404
B00937,2025-01-01 00:22:42,2025-01-01 00:35:13,,47.0,,B03404
B00937,2025-01-01 00:06:58,2025-01-01 00:21:42,,31.0,,B03404
B00937,2025-01-01 00:14:00,2025-01-01 00:28:50,,42.0,,B03404
B00937,2025-01-01 00:42:53,2025-01-01 01:18:10,,148.0,,B03404
B00937,2025-01-01 00:19:07,2025-01-01 00:28:31,,127.0,,B03404
B00937,2025-01-01 00:03:27,2025-01-01 00:28:05,,169.0,,B03404
B00937,2025-01-01 00:33:06,2025-01-01 00:42:21,,127.0,,B03404
B00937,2025-01-01 00:59:51,2025-01-01 01:11:35,,153.0,,B03404
B00937,2025-01-01 00:07:54,2025-01-01 00:10:13,,254.0,,B03473
B00937,2025-01-01 00:37:29,2025-01-01 00:49:36,,200.0,,B03473
B00937,2025-01-01 00:58:26,2025-01-01 01:20:21,,20.0,,B03473
B00937,2025-01-01 00:12:52,2025-01-01 00:28:24,,220.0,,B03404
B00937,2025-01-01 00:52:49,2025-01-01 01:05:24,,152.0,,B03404
B00937,2025-01-01 00:30:07,2025-01-01 00:40:39,,18.0,,B03404
B00937,2025-01-01 00:47:15,2025-01-01 00:56:35,,136.0,,B03404
B00937,2025-01-01 00:09:57,2025-01-01 00:13:44,,244.0,,B03404
B00937,2025-01-01 00:28:43,2025-01-01 00:50:13,,152.0,,B03404
B00937,2025-01-01 00:59:39,2025-01-01 01:14:55,,213.0,,B02967
B00937,2025-01-01 00:29:49,2025-01-01 00:44:55,,174.0,,B03404
B00937,2025-01-01 00:18:21,2025-01-01 00:36:19,,119.0,,B03404
B00937,2025-01-01 00:41:10,2025-01-01 00:59:51,,32.0,,B03404
B00937,2025-01-01 00:39:53,2025-01-01 01:04:14,,243.0,,B03404
B00937,2025-01-01 00:30:29,2025-01-01 00:35:05,,244.0,,B03304
B00937,2025-01-01 00:41:19,2025-01-01 00:55:57,,126.0,,B03304
B00937,2025-01-01 00:31:56,2025-01-01 00:38:58,,116.0,,B03404
B00937,2025-01-01 00:56:53,2025-01-01 01:09:01,,243.0,,B03404
B00937,2025-01-01 00:21:17,2025-01-01 00:31:25,,243.0,,B03049
B00937,2025-01-01 00:40:32,2025-01-01 00:52:01,,243.0,,B03049
B00937,2025-01-01 00:25:09,2025-01-01 00:33:54,,244.0,,B03049
B00937,2025-01-01 00:49:46,2025-01-01 01:07:53,,242.0,,B03049
B00937,2025-01-01 00:43:01,2025-01-01 00:55:20,,47.0,,B00937
B00937,2025-01-01 00:51:41,2025-01-01 01:07:50,,18.0,,B03404
B00937,2025-01-01 00:29:00,2025-01-01 00:43:26,,243.0,,B03407
B00937,2025-01-01 00:54:42,2025-01-01 01:04:48,,152.0,,B03407
B00965,2025-01-01 00:00:00,2025-01-01 00:31:00,214.0,206.0,,B00965
B00965,2025-01-01 00:45:00,2025-01-01 01:25:00,5.0,176.0,,B00965
B00965,2025-01-01 00:13:00,2025-01-01 00:50:00,176.0,176.0,,B00965
B00965,2025-01-01 00:33:00,2025-01-01 01:06:00,5.0,44.0,,B00965
B00965,2025-01-01 00:05:00,2025-01-01 00:23:00,23.0,156.0,,B00965
B00965,2025-01-01 00:00:00,2025-01-01 00:17:00,118.0,6.0,,B03404
B00965,2025-01-01 00:15:00,2025-01-01 00:39:00,214.0,221.0,,B03404
B00965,2025-01-01 00:20:00,2025-01-01 01:08:00,221.0,115.0,,B03404
B00972,2025-01-01 00:56:18,2025-01-01 01:06:11,44.0,204.0,,B00972
B00972,2025-01-01 00:40:18,2025-01-01 01:43:59,109.0,155.0,,B00972
B00975,2025-01-01 00:48:46,2025-01-01 01:00:59,,72.0,,B00975
B00975,2025-01-01 00:11:53,2025-01-01 00:17:28,,71.0,,B00975
B01016,2025-01-01 00:35:47,2025-01-01 00:42:08,,76.0,,B03381
B01016,2025-01-01 00:50:03,2025-01-01 01:09:03,,37.0,,B03381
B01016,2025-01-01 00:21:27,2025-01-01 00:28:15,,76.0,,B03404
B01016,2025-01-01 00:32:26,2025-01-01 00:47:41,,35.0,,B03404
B01016,2025-01-01 00:05:03,2025-01-01 00:27:28,,72.0,,B03461
B01051,2025-01-01 00:15:34,2025-01-01 00:32:38,,119.0,,B03404
B01051,2025-01-01 00:36:29,2025-01-01 00:49:41,,168.0,,B03404
B01051,2025-01-01 00:55:57,2025-01-01 01:10:04,,75.0,,B03404
B01051,2025-01-01 00:41:22,2025-01-01 00:57:57,,47.0,,B03215
B01051,2025-01-01 00:04:42,2025-01-01 00:12:36,,235.0,,B03230
B01051,2025-01-01 00:28:04,2025-01-01 00:45:20,,168.0,,B03230
B01051,2025-01-01 00:52:21,2025-01-01 01:04:07,,147.0,,B03230
B01051,2025-01-01 00:35:56,2025-01-01 00:41:59,,60.0,,B03404
B01051,2025-01-01 00:46:51,2025-01-01 00:59:11,,20.0,,B03404
B01051,2025-01-01 00:09:07,2025-01-01 00:18:35,,248.0,,B03407
B01051,2025-01-01 00:30:52,2025-01-01 00:42:55,,78.0,,B03407
B01051,2025-01-01 00:46:24,2025-01-01 01:00:42,,213.0,,B03407
B01051,2025-01-01 00:10:36,2025-01-01 00:16:06,,126.0,,B00111
B01051,2025-01-01 00:25:45,2025-01-01 00:46:13,,169.0,,B00111
B01051,2025-01-01 00:52:49,2025-01-01 01:03:42,,159.0,,B03404
B01051,2025-01-01 00:32:22,2025-01-01 00:36:56,,167.0,,B03407
B01051,2025-01-01 00:40:38,2025-01-01 00:51:36,,78.0,,B03407
B01051,2025-01-01 00:13:52,2025-01-01 00:25:50,,119.0,,B03404
B01051,2025-01-01 00:43:58,2025-01-01 00:50:06,,167.0,,B03404
B01051,2025-01-01 00:19:45,2025-01-01 00:25:30,,168.0,,B03407
B01051,2025-01-01 00:41:40,2025-01-01 00:49:17,,159.0,,B03407
B01051,2025-01-01 00:21:48,2025-01-01 00:30:44,,78.0,,B03404
B01051,2025-01-01 00:52:52,2025-01-01 01:06:14,,212.0,,B03404
B01051,2025-01-01 00:32:44,2025-01-01 00:39:08,,126.0,,B03404
B01051,2025-01-01 00:46:47,2025-01-01 00:50:07,,126.0,,B03404
B01051,2025-01-01 00:34:17,2025-01-01 00:39:03,,126.0,,B03404
B01051,2025-01-01 00:23:08,2025-01-01 00:26:08,,147.0,,B03404
B01051,2025-01-01 00:04:06,2025-01-01 00:14:03,,18.0,,B03404
B01051,2025-01-01 00:22:22,2025-01-01 00:38:36,,159.0,,B03404
B01051,2025-01-01 00:42:44,2025-01-01 01:00:45,,213.0,,B03404
B01051,2025-01-01 00:43:35,2025-01-01 00:59:05,,159.0,,B03404
B01051,2025-01-01 00:28:51,2025-01-01 00:50:30,,3.0,,B03404
B01051,2025-01-01 00:41:33,2025-01-01 00:55:03,,241.0,,B03404
B01051,2025-01-01 00:19:36,2025-01-01 00:23:17,,126.0,,B03404
B01051,2025-01-01 00:32:25,2025-01-01 00:38:02,,167.0,,B03404
B01051,2025-01-01 00:17:32,2025-01-01 00:26:43,,18.0,,B03152
B01051,2025-01-01 00:31:32,2025-01-01 00:32:23,,241.0,,B03152
B01051,2025-01-01 00:44:56,2025-01-01 00:55:03,,244.0,,B03152
B01051,2025-01-01 00:18:46,2025-01-01 00:37:23,,244.0,,B03404
B01061,2025-01-01 00:34:20,2025-01-01 00:46:57,,60.0,,B03404
B01061,2025-01-01 00:50:38,2025-01-01 01:00:51,,78.0,,B03404
B01061,2025-01-01 00:12:50,2025-01-01 00:24:16,,242.0,,B03404
B01061,2025-01-01 00:35:37,2025-01-01 00:55:30,,78.0,,B03404
B01061,2025-01-01 00:25:37,2025-01-01 00:31:13,,213.0,,B01061
B01061,2025-01-01 00:39:40,2025-01-01 00:46:29,,212.0,,B01061
B01061,2025-01-01 00:50:53,2025-01-01 01:00:43,,60.0,,B01061
B01061,2025-01-01 00:25:29,2025-01-01 00:35:30,,32.0,,B01061
B01061,2025-01-01 00:44:13,2025-01-01 01:00:44,,18.0,,B01061
B01061,2025-01-01 00:20:11,2025-01-01 00:35:54,,159.0,,B01061
B01061,2025-01-01 00:53:46,2025-01-01 01:07:24,,75.0,,B01061
B01061,2025-01-01 00:31:53,2025-01-01 00:43:16,,3.0,,B03061
B01061,2025-01-01 00:47:34,2025-01-01 01:07:05,,18.0,,B03061
B01061,2025-01-01 00:33:35,2025-01-01 00:44:27,,47.0,,B03404
B01061,2025-01-01 00:51:58,2025-01-01 01:06:36,,119.0,,B03404
B01061,2025-01-01 00:15:43,2025-01-01 00:19:57,,248.0,,B01061
B01061,2025-01-01 00:29:51,2025-01-01 00:42:17,,244.0,,B01061
B01061,2025-01-01 00:53:02,2025-01-01 01:01:02,,243.0,,B01061
B01061,2025-01-01 00:38:37,2025-01-01 00:56:55,,69.0,,B03407
B01061,2025-01-01 00:24:46,2025-01-01 00:27:59,,248.0,,B01949
B01061,2025-01-01 00:36:14,2025-01-01 00:44:17,,126.0,,B01949
B01061,2025-01-01 00:01:20,2025-01-01 00:04:28,,248.0,,B02972
B01061,2025-01-01 00:24:33,2025-01-01 00:34:31,,78.0,,B03404
B01061,2025-01-01 00:57:57,2025-01-01 01:14:50,,28.0,,B03404
B01061,2025-01-01 00:18:53,2025-01-01 00:38:13,,152.0,,B03404
B01061,2025-01-01 00:42:19,2025-01-01 00:56:04,,169.0,,B03404
B01061,2025-01-01 00:40:07,2025-01-01 00:50:52,,47.0,,B03404
B01061,2025-01-01 00:58:53,2025-01-01 01:12:50,,32.0,,B03404
B01061,2025-01-01 00:11:42,2025-01-01 00:21:51,,208.0,,B03404
B01061,2025-01-01 00:29:38,2025-01-01 00:48:18,,78.0,,B03404
B01061,2025-01-01 00:52:47,2025-01-01 01:12:23,,119.0,,B03404
B01061,2025-01-01 00:03:59,2025-01-01 00:07:01,,250.0,,B03404
B01061,2025-01-01 00:34:02,2025-01-01 00:52:52,,69.0,,B03404
B01061,2025-01-01 00:55:56,2025-01-01 01:15:55,,250.0,,B03404
B01061,2025-01-01 00:26:42,2025-01-01 00:39:38,,241.0,,B03152
B01061,2025-01-01 00:48:37,2025-01-01 01:04:29,,94.0,,B03152
B01061,2025-01-01 00:49:49,2025-01-01 01:05:20,,41.0,,B03404
B01061,2025-01-01 00:09:14,2025-01-01 00:16:31,,75.0,,B03404
B01061,2025-01-01 00:29:00,2025-01-01 00:47:18,,250.0,,B03404
B01061,2025-01-01 00:12:05,2025-01-01 00:32:41,,94.0,,B03404
B01061,2025-01-01 00:53:50,2025-01-01 01:28:55,,159.0,,B03404
B01061,2025-01-01 00:07:35,2025-01-01 00:17:37,,47.0,,B03404
B01061,2025-01-01 00:42:00,2025-01-01 00:59:53,,94.0,,B03404
B01061,2025-01-01 00:25:36,2025-01-01 00:43:15,,213.0,,B03404
B01061,2025-01-01 00:51:53,2025-01-01 01:10:56,,247.0,,B03404
B01065,2025-01-01 00:15:14,2025-01-01 00:27:56,,127.0,,B03404
B01065,2025-01-01 00:29:13,2025-01-01 00:49:11,,213.0,,B03036
B01065,2025-01-01 00:03:18,2025-01-01 00:13:35,,248.0,,B00196
B01065,2025-01-01 00:25:38,2025-01-01 00:41:35,,119.0,,B00196
B01065,2025-01-01 00:52:27,2025-01-01 01:13:26,,18.0,,B00196
B01065,2025-01-01 00:20:47,2025-01-01 00:26:15,,74.0,,B03404
B01065,2025-01-01 00:35:02,2025-01-01 00:42:59,,75.0,,B03404
B01065,2025-01-01 00:51:53,2025-01-01 00:59:14,,74.0,,B03404
B01065,2025-01-01 00:29:54,2025-01-01 01:05:10,,82.0,,B03407
B01065,2025-01-01 00:15:03,2025-01-01 00:30:23,,127.0,,B03404
B01065,2025-01-01 00:51:44,2025-01-01 01:02:30,,41.0,,B03404
B01065,2025-01-01 00:09:29,2025-01-01 00:22:32,,159.0,,B03109
B01065,2025-01-01 00:49:48,2025-01-01 01:02:16,,74.0,,B03109
B01065,2025-01-01 00:17:53,2025-01-01 00:24:47,,75.0,,B03215
B01065,2025-01-01 00:28:48,2025-01-01 00:33:54,,74.0,,B03215
B01065,2025-01-01 00:42:40,2025-01-01 00:55:56,,75.0,,B03215
B01065,2025-01-01 00:38:48,2025-01-01 01:16:52,,167.0,,B03404
B01065,2025-01-01 00:40:07,2025-01-01 01:01:28,,259.0,,B02971
B01065,2025-01-01 00:11:38,2025-01-01 00:25:27,,248.0,,B03404
B01065,2025-01-01 00:49:43,2025-01-01 01:05:21,,247.0,,B03404
B01065,2025-01-01 00:37:55,2025-01-01 00:50:10,,74.0,,B00196
B01065,2025-01-01 00:15:09,2025-01-01 00:23:41,,235.0,,B03404
B01065,2025-01-01 00:34:32,2025-01-01 00:47:52,,169.0,,B03404
B01065,2025-01-01 00:58:28,2025-01-01 01:06:32,,60.0,,B03404
B01065,2025-01-01 00:29:58,2025-01-01 00:35:47,,75.0,,B03404
B01065,2025-01-01 00:31:39,2025-01-01 00:38:20,,74.0,,B01065
B01065,2025-01-01 00:52:00,2025-01-01 01:09:28,,247.0,,B01065
B01065,2025-01-01 00:46:14,2025-01-01 01:17:03,,238.0,,B03404
B01065,2025-01-01 00:21:52,2025-01-01 00:33:42,,248.0,,B02799
B01065,2025-01-01 00:23:07,2025-01-01 00:40:40,,212.0,,B03404
B01065,2025-01-01 00:56:04,2025-01-01 01:06:05,,147.0,,B03404
B01065,2025-01-01 00:13:02,2025-01-01 00:22:47,,159.0,,B03404
B01065,2025-01-01 00:28:19,2025-01-01 00:36:05,,69.0,,B03404
B01065,2025-01-01 00:49:26,2025-01-01 01:00:39,,244.0,,B03404
B01065,2025-01-01 00:39:45,2025-01-01 00:50:14,,169.0,,B03404
B01065,2025-01-01 00:20:02,2025-01-01 00:31:35,,174.0,,B03404
B01065,2025-01-01 00:37:17,2025-01-01 00:53:38,,147.0,,B03404
B01065,2025-01-01 00:57:31,2025-01-01 01:10:03,,41.0,,B03404
B01065,2025-01-01 00:28:19,2025-01-01 00:47:41,,74.0,,B03404
B01065,2025-01-01 00:52:49,2025-01-01 01:08:35,,41.0,,B03404
B01065,2025-01-01 00:22:31,2025-01-01 00:45:32,,198.0,,B03404
B01065,2025-01-01 00:56:28,2025-01-01 01:19:11,,216.0,,B03404
B01065,2025-01-01 00:29:51,2025-01-01 00:41:02,,75.0,,B03404
B01065,2025-01-01 00:51:25,2025-01-01 01:06:37,,250.0,,B03404
B01065,2025-01-01 00:46:30,2025-01-01 00:56:38,,47.0,,B03404
B01065,2025-01-01 00:17:47,2025-01-01 00:41:01,,151.0,,B03215
B01065,2025-01-01 00:08:17,2025-01-01 00:29:40,,82.0,,B03404
B01065,2025-01-01 00:17:00,2025-01-01 00:23:31,,247.0,,B03288
B01065,2025-01-01 00:29:50,2025-01-01 00:36:35,,244.0,,B03288
B01065,2025-01-01 00:47:20,2025-01-01 00:58:11,,152.0,,B03288
B01065,2025-01-01 00:28:52,2025-01-01 00:56:32,,75.0,,B03404
B01065,2025-01-01 00:05:13,2025-01-01 00:27:39,,78.0,,B03404
B01065,2025-01-01 00:42:56,2025-01-01 00:58:17,,47.0,,B03404
B01065,2025-01-01 00:18:35,2025-01-01 00:30:00,,74.0,,B03404
B01065,2025-01-01 00:38:09,2025-01-01 00:43:39,,74.0,,B03404
B01065,2025-01-01 00:07:42,2025-01-01 00:14:50,,247.0,,B03404
B01065,2025-01-01 00:22:41,2025-01-01 00:35:53,,247.0,,B03404
B01065,2025-01-01 00:41:50,2025-01-01 00:48:03,,119.0,,B03404
B01065,2025-01-01 00:54:39,2025-01-01 01:11:09,,127.0,,B03404
B01065,2025-01-01 00:25:05,2025-01-01 00:32:45,,74.0,,B03404
B01065,2025-01-01 00:48:35,2025-01-01 01:12:16,,78.0,,B03404
B01065,2025-01-01 00:42:49,2025-01-01 01:19:32,,89.0,,B03406
B01065,2025-01-01 00:36:40,2025-01-01 00:41:41,,116.0,,B03404
B01065,2025-01-01 00:21:28,2025-01-01 00:29:51,,212.0,,B03404
B01065,2025-01-01 00:43:08,2025-01-01 01:16:21,,75.0,,B03404
B01066,2025-01-01 00:11:43,2025-01-01 00:26:17,173.0,173.0,,B01066
B01066,2025-01-01 00:30:40,2025-01-01 00:51:42,83.0,82.0,,B01066
B01079,2025-01-01 00:16:04,2025-01-01 00:47:37,,14.0,,B01079
B01079,2025-01-01 00:53:13,2025-01-01 00:58:43,,14.0,,B01079
B01079,2025-01-01 00:22:31,2025-01-01 00:29:33,,14.0,,B01079
B01079,2025-01-01 00:50:30,2025-01-01 00:54:19,,14.0,,B01079
B01087,2025-01-01 00:42:15,2025-01-01 01:20:48,170.0,265.0,,B01087
B01087,2025-01-01 00:48:00,2025-01-01 01:25:45,142.0,265.0,,B01087
B01087,2025-01-01 00:17:54,2025-01-01 00:40:26,132.0,265.0,,B03293
B01087,2025-01-01 00:33:25,2025-01-01 01:10:05,209.0,265.0,,B01087
B01087,2025-01-01 00:32:50,2025-01-01 01:32:02,112.0,265.0,,B01087
B01087,2025-01-01 00:27:50,2025-01-01 00:43:25,142.0,166.0,,B02902
B01087,2025-01-01 00:57:21,2025-01-01 01:24:35,142.0,265.0,,B03404
B01145,2025-01-01 00:56:13,2025-01-01 01:16:04,,235.0,,B02971
B01145,2025-01-01 00:59:13,2025-01-01 01:09:38,,169.0,,B03404
B01145,2025-01-01 00:16:55,2025-01-01 00:26:10,,169.0,,B03407
B01145,2025-01-01 00:57:05,2025-01-01 01:09:38,,47.0,,B03407
B01145,2025-01-01 00:13:30,2025-01-01 00:22:28,,42.0,,B03404
B01145,2025-01-01 00:32:16,2025-01-01 00:49:06,,169.0,,B03404
B01145,2025-01-01 00:18:54,2025-01-01 00:30:21,,147.0,,B02971
B01145,2025-01-01 00:09:28,2025-01-01 00:22:45,,18.0,,B02971
B01145,2025-01-01 00:04:35,2025-01-01 00:17:00,,78.0,,B03404
B01145,2025-01-01 00:21:00,2025-01-01 00:30:05,,119.0,,B03304
B01145,2025-01-01 00:51:27,2025-01-01 01:00:13,,159.0,,B03304
B01145,2025-01-01 00:04:10,2025-01-01 00:16:03,,241.0,,B02971
B01145,2025-01-01 00:56:48,2025-01-01 01:05:56,,167.0,,B03404
B01145,2025-01-01 00:18:53,2025-01-01 00:38:50,,208.0,,B03404
B01145,2025-01-01 00:50:22,2025-01-01 01:09:09,,254.0,,B03404
B01145,2025-01-01 00:35:40,2025-01-01 00:50:17,,243.0,,B03404
B01145,2025-01-01 00:55:01,2025-01-01 01:12:56,,241.0,,B03404
B01145,2025-01-01 00:11:48,2025-01-01 00:17:04,,126.0,,B03404
B01145,2025-01-01 00:32:17,2025-01-01 00:44:31,,159.0,,B03404
B01145,2025-01-01 00:50:16,2025-01-01 00:58:13,,167.0,,B03404
B01145,2025-01-01 00:25:24,2025-01-01 00:33:22,,126.0,,B03404
B01145,2025-01-01 00:47:47,2025-01-01 01:02:27,,47.0,,B03404
B01145,2025-01-01 00:24:32,2025-01-01 00:47:42,,185.0,,B03404
B01145,2025-01-01 00:30:27,2025-01-01 00:49:54,,185.0,,B03404
B01145,2025-01-01 00:16:04,2025-01-01 00:39:45,,235.0,,B02997
B01145,2025-01-01 00:18:24,2025-01-01 00:38:09,,174.0,,B03404
B01145,2025-01-01 00:48:24,2025-01-01 01:04:41,,69.0,,B03404
B01145,2025-01-01 00:23:12,2025-01-01 00:38:34,,259.0,,B02971
B01145,2025-01-01 00:18:45,2025-01-01 00:26:19,,235.0,,B01145
B01145,2025-01-01 00:41:48,2025-01-01 00:56:29,,18.0,,B01145
B01196,2025-01-01 00:50:50,2025-01-01 01:12:00,,212.0,,B03404
B01196,2025-01-01 00:04:27,2025-01-01 00:13:26,,247.0,,B01196
B01196,2025-01-01 00:23:38,2025-01-01 00:44:26,,81.0,,B03404
B01196,2025-01-01 00:31:29,2025-01-01 00:50:31,,127.0,,B03208
B01196,2025-01-01 00:59:07,2025-01-01 01:11:30,,168.0,,B03208
B01196,2025-01-01 00:32:25,2025-01-01 00:42:55,,18.0,,B03404
B01196,2025-01-01 00:22:46,2025-01-01 00:51:03,,18.0,,B03421
B01196,2025-01-01 00:59:05,2025-01-01 01:13:53,,81.0,,B03421
B01196,2025-01-01 00:40:19,2025-01-01 00:55:38,,259.0,,B03404
B01196,2025-01-01 00:18:24,2025-01-01 00:25:33,,182.0,,B03404
B01196,2025-01-01 00:22:03,2025-01-01 00:26:46,,247.0,,B03404
B01196,2025-01-01 00:31:02,2025-01-01 00:46:04,,147.0,,B03404
B01196,2025-01-01 00:56:37,2025-01-01 01:11:53,,78.0,,B03404
B01196,2025-01-01 00:50:03,2025-01-01 01:00:44,,250.0,,B03404
B01196,2025-01-01 00:16:14,2025-01-01 00:30:42,,18.0,,B03404
B01196,2025-01-01 00:33:58,2025-01-01 00:54:45,,60.0,,B03404
B01196,2025-01-01 00:09:42,2025-01-01 00:38:16,,254.0,,B03404
B01196,2025-01-01 00:50:48,2025-01-01 01:03:21,,18.0,,B03404
B01196,2025-01-01 00:36:05,2025-01-01 00:47:34,,47.0,,B03404
B01196,2025-01-01 00:49:45,2025-01-01 01:05:50,,174.0,,B03404
B01196,2025-01-01 00:04:40,2025-01-01 00:15:51,,213.0,,B01196
B01196,2025-01-01 00:22:57,2025-01-01 00:37:38,,31.0,,B01196
B01196,2025-01-01 00:39:05,2025-01-01 00:45:44,,208.0,,B01196
B01196,2025-01-01 00:53:53,2025-01-01 01:06:11,,168.0,,B01196
B01196,2025-01-01 00:35:19,2025-01-01 00:43:07,,242.0,,B03404
B01196,2025-01-01 00:30:48,2025-01-01 00:34:49,,235.0,,B03404
B01196,2025-01-01 00:48:46,2025-01-01 01:01:09,,235.0,,B03404
B01196,2025-01-01 00:22:00,2025-01-01 00:36:19,,32.0,,B02800
B01196,2025-01-01 00:53:12,2025-01-01 01:05:45,,94.0,,B02800
B01196,2025-01-01 00:33:11,2025-01-01 00:47:43,,169.0,,B03404
B01196,2025-01-01 00:06:49,2025-01-01 00:26:55,,60.0,,B03404
B01196,2025-01-01 00:29:09,2025-01-01 00:42:23,,136.0,,B03404
B01196,2025-01-01 00:47:46,2025-01-01 00:59:21,,243.0,,B03404
B01196,2025-01-01 00:08:10,2025-01-01 00:19:18,,18.0,,B03404
B01196,2025-01-01 00:25:03,2025-01-01 00:55:57,,265.0,,B03404
B01196,2025-01-01 00:23:47,2025-01-01 00:36:46,,69.0,,B03404
B01196,2025-01-01 00:13:36,2025-01-01 00:22:11,,235.0,,B03404
B01196,2025-01-01 00:30:30,2025-01-01 00:47:23,,20.0,,B03404
B01196,2025-01-01 00:12:36,2025-01-01 00:20:58,,244.0,,B03404
B01196,2025-01-01 00:23:32,2025-01-01 00:32:31,,116.0,,B03404
B01196,2025-01-01 00:39:12,2025-01-01 00:57:55,,151.0,,B03404
B01196,2025-01-01 00:12:20,2025-01-01 00:28:46,,94.0,,B03404
B01196,2025-01-01 00:37:31,2025-01-01 00:46:46,,42.0,,B03404
B01196,2025-01-01 00:55:30,2025-01-01 01:07:14,,265.0,,B03404
B01196,2025-01-01 00:21:43,2025-01-01 00:31:45,,241.0,,B03404
B01196,2025-01-01 00:59:22,2025-01-01 01:18:21,,254.0,,B03404
B01196,2025-01-01 00:28:05,2025-01-01 00:41:39,,241.0,,B03404
B01196,2025-01-01 00:48:35,2025-01-01 01:04:35,,119.0,,B03404
B01196,2025-01-01 00:12:30,2025-01-01 00:28:50,,241.0,,B03198
B01196,2025-01-01 00:35:17,2025-01-01 00:51:43,,126.0,,B03198
B01196,2025-01-01 00:32:42,2025-01-01 00:43:16,,242.0,,B03404
B01196,2025-01-01 00:01:58,2025-01-01 00:09:56,,18.0,,B03404
B01196,2025-01-01 00:15:25,2025-01-01 00:27:03,,20.0,,B03404
B01196,2025-01-01 00:31:07,2025-01-01 00:43:23,,235.0,,B03404
B01196,2025-01-01 00:47:21,2025-01-01 01:01:37,,18.0,,B03404
B01200,2025-01-01 00:40:51,2025-01-01 00:56:48,,258.0,,B02292
B01200,2025-01-01 00:14:47,2025-01-01 00:29:47,,198.0,,B03404
B01200,2025-01-01 00:31:13,2025-01-01 00:40:02,,36.0,,B03404
B01200,2025-01-01 00:50:26,2025-01-01 01:06:41,,37.0,,B03404
B01200,2025-01-01 00:34:00,2025-01-01 00:40:21,,35.0,,B03404
B01200,2025-01-01 00:54:05,2025-01-01 01:12:35,,61.0,,B03404
B01200,2025-01-01 00:47:27,2025-01-01 01:07:36,,39.0,,B03404
B01200,2025-01-01 00:06:29,2025-01-01 00:21:00,,37.0,,B03404
B01200,2025-01-01 00:38:31,2025-01-01 00:49:20,,225.0,,B03404
B01200,2025-01-01 00:36:41,2025-01-01 00:42:00,,217.0,,B03404
B01200,2025-01-01 00:51:11,2025-01-01 00:56:15,,17.0,,B03404
B01200,2025-01-01 00:40:54,2025-01-01 00:48:09,,63.0,,B03404
B01200,2025-01-01 00:56:05,2025-01-01 01:16:52,,76.0,,B03404
B01233,2025-01-01 00:20:45,2025-01-01 00:27:22,,254.0,,B01233
B01233,2025-01-01 00:35:32,2025-01-01 00:38:54,,81.0,,B01233
B01236,2025-01-01 00:53:00,2025-01-01 01:50:00,,,,B01236
B01239,2025-01-01 00:21:11,2025-01-01 00:44:46,,169.0,,B03404
B01239,2025-01-01 00:15:10,2025-01-01 00:27:23,,174.0,,B03404
B01239,2025-01-01 00:42:43,2025-01-01 00:47:41,,254.0,,B03404
B01239,2025-01-01 00:49:59,2025-01-01 00:59:18,,81.0,,B03404
B01239,2025-01-01 00:01:22,2025-01-01 00:04:26,,51.0,,B03404
B01239,2025-01-01 00:43:40,2025-01-01 00:53:11,,265.0,,B03404
B01239,2025-01-01 00:56:26,2025-01-01 01:08:37,,254.0,,B01239
B01239,2025-01-01 00:19:46,2025-01-01 00:32:41,,81.0,,B01239
B01239,2025-01-01 00:45:10,2025-01-01 01:05:33,,265.0,,B01239
B01239,2025-01-01 00:01:41,2025-01-01 00:08:39,,254.0,,B03404
B01239,2025-01-01 00:27:32,2025-01-01 00:32:33,,254.0,,B03404
B01239,2025-01-01 00:36:38,2025-01-01 00:40:55,,3.0,,B03404
B01239,2025-01-01 00:47:41,2025-01-01 01:01:08,,265.0,,B03404
B01239,2025-01-01 00:14:09,2025-01-01 01:35:24,,164.0,,B03404
B01239,2025-01-01 00:23:00,2025-01-01 00:41:13,,51.0,,B03404
B01239,2025-01-01 00:59:44,2025-01-01 01:45:21,,81.0,,B03404
B01239,2025-01-01 00:06:53,2025-01-01 00:13:04,,51.0,,B03404
B01239,2025-01-01 00:16:07,2025-01-01 00:23:07,,51.0,,B03404
B01239,2025-01-01 00:32:38,2025-01-01 00:38:40,,51.0,,B03404
B01239,2025-01-01 00:45:02,2025-01-01 00:51:03,,265.0,,B03404
B01239,2025-01-01 00:56:22,2025-01-01 01:21:38,,81.0,,B03404
B01239,2025-01-01 00:05:47,2025-01-01 00:13:13,,259.0,,B03404
B01239,2025-01-01 00:19:31,2025-01-01 00:23:09,,259.0,,B03404
B01239,2025-01-01 00:31:25,2025-01-01 00:37:43,,265.0,,B03404
B01239,2025-01-01 00:18:27,2025-01-01 00:35:41,,51.0,,B03210
B01239,2025-01-01 00:41:03,2025-01-01 01:05:31,,235.0,,B03210
B01239,2025-01-01 00:02:31,2025-01-01 00:28:03,,265.0,,B03404
B01239,2025-01-01 00:05:34,2025-01-01 00:35:39,,81.0,,B03404
B01239,2025-01-01 00:11:51,2025-01-01 00:23:44,,81.0,,B03404
B01239,2025-01-01 00:44:26,2025-01-01 00:50:31,,81.0,,B03404
B01239,2025-01-01 00:09:46,2025-01-01 00:26:04,,265.0,,B03404
B01239,2025-01-01 00:41:02,2025-01-01 01:05:58,,166.0,,B03404
B01239,2025-01-01 00:08:15,2025-01-01 00:22:32,,265.0,,B03404
B01239,2025-01-01 00:58:59,2025-01-01 01:12:57,,259.0,,B03404
B01239,2025-01-01 00:42:28,2025-01-01 00:47:14,,259.0,,B03404
B01239,2025-01-01 00:57:00,2025-01-01 01:03:40,,51.0,,B03404
B01239,2025-01-01 00:04:52,2025-01-01 00:20:40,,81.0,,B01239
B01239,2025-01-01 00:36:12,2025-01-01 01:00:48,,265.0,,B01239
B01239,2025-01-01 00:48:24,2025-01-01 01:07:30,,81.0,,B03404
B01239,2025-01-01 00:25:37,2025-01-01 00:40:28,,254.0,,B03436
B01239,2025-01-01 00:46:00,2025-01-01 00:50:47,,254.0,,B03436
B01239,2025-01-01 00:57:33,2025-01-01 01:04:18,,81.0,,B03436
B01239,2025-01-01 00:27:42,2025-01-01 00:44:41,,81.0,,B03404
B01239,2025-01-01 00:42:04,2025-01-01 00:45:15,,259.0,,B03404
B01239,2025-01-01 00:50:46,2025-01-01 00:54:37,,259.0,,B03404
B01239,2025-01-01 00:25:23,2025-01-01 00:34:30,,3.0,,B03404
B01239,2025-01-01 00:39:21,2025-01-01 00:59:36,,265.0,,B03404
B01239,2025-01-01 00:26:34,2025-01-01 00:43:50,,78.0,,B03404
B01239,2025-01-01 00:18:17,2025-01-01 00:25:14,,81.0,,B03406
B01239,2025-01-01 00:29:27,2025-01-01 00:37:56,,254.0,,B03406
B01239,2025-01-01 00:03:34,2025-01-01 00:46:01,,83.0,,B02334
B01239,2025-01-01 00:20:45,2025-01-01 00:26:42,,32.0,,B03404
B01239,2025-01-01 00:34:05,2025-01-01 00:42:53,,81.0,,B03404
B01239,2025-01-01 00:51:45,2025-01-01 01:02:59,,32.0,,B03404
B01239,2025-01-01 00:21:21,2025-01-01 00:31:45,,254.0,,B03404
B01239,2025-01-01 00:36:42,2025-01-01 00:44:32,,259.0,,B03404
B01239,2025-01-01 00:50:19,2025-01-01 00:54:52,,254.0,,B03404
B01239,2025-01-01 00:20:22,2025-01-01 00:44:13,,69.0,,B02657
B01239,2025-01-01 00:48:59,2025-01-01 01:08:31,,259.0,,B02657
B01259,2025-01-01 00:03:48,2025-01-01 00:26:32,,26.0,,B01259
B01259,2025-01-01 00:52:43,2025-01-01 00:58:59,,217.0,,B01259
B01268,2025-01-01 00:59:00,2025-01-01 01:50:00,23.0,233.0,,B01268
B01268,2025-01-01 00:56:00,2025-01-01 01:14:00,172.0,251.0,,B01268
B01268,2025-01-01 00:43:00,2025-01-01 01:01:00,221.0,206.0,,B01268
B01268,2025-01-01 00:15:00,2025-01-01 00:22:00,251.0,187.0,,B01268
B01268,2025-01-01 00:49:00,2025-01-01 00:58:00,23.0,156.0,,B01268
B01285,2025-01-01 00:38:46,2025-01-01 00:55:24,,47.0,,B01285
B01285,2025-01-01 00:23:40,2025-01-01 00:32:44,,147.0,,B01285
B01285,2025-01-01 00:44:39,2025-01-01 01:01:56,,18.0,,B01285
B01312,2025-01-01 00:32:41,2025-01-01 01:06:42,,165.0,,B03404
B01312,2025-01-01 00:24:19,2025-01-01 00:31:02,,63.0,,B03404
B01336,2025-01-01 00:42:00,2025-01-01 01:07:00,,,,B01336
B01336,2025-01-01 00:04:00,2025-01-01 00:41:00,,,,B01336
B01340,2025-01-01 00:01:01,2025-01-01 00:09:45,,248.0,,B03404
B01340,2025-01-01 00:01:01,2024-12-31 00:17:36,,212.0,,B02968
B01340,2025-01-01 00:07:57,2025-01-01 00:13:21,,248.0,,B02968
B01340,2025-01-01 00:26:31,2025-01-01 00:27:39,,212.0,,B02968
B01340,2025-01-01 00:35:02,2025-01-01 00:40:32,,60.0,,B02968
B01340,2025-01-01 00:46:47,2025-01-01 00:58:07,,243.0,,B02968
B01340,2025-01-01 00:28:31,2025-01-01 00:41:39,,244.0,,B03404
B01340,2025-01-01 00:27:38,2025-01-01 00:35:06,,212.0,,B03407
B01340,2025-01-01 00:42:00,2025-01-01 00:56:45,,94.0,,B03407
